titles,category
러 식량 공급도 무기화우크라 곡물 반출 안간힘,World
러 마리우폴 항구 해방정상 가동 시작 주장,World
 솔로몬 이어 남태평양 지역 전반 안보협정 모색,World
러 무력시위 도발에  반응은 규탄차분하되 단호한 대응,World
러 포스트 푸틴 준비하나크렘린궁 내부서 후계자 논의,World
 일본대사관 인자 초치미일회담서 잘못된 언행,World
젤렌스키 러 침공 전 상태로 되돌리고 휴전협상에 임할 것,World
 초등학교서 또 총기 난사역대 최악의 참사,World
식량위기 보호무역주의 촉발해 무역전쟁 야기할 수도,World
스텔란티스  년까지 전기차 원자재 부족할 것,World
 일본 외교관 초치에 해공군 훈련도 공개바이든 순방에 신경질적 반응,World
우크라전 일 러 만명 전사아프간전 년 손실 능가,World
미국 금리 인상에 과열 집값 잡힐까신규주택 판매는 급감,World
맨유는 쓰레기   황당한 자막 방송사고팬들 반응은,World
 카디즈 무단 침범 영상 공개하며 무력시위 부각,World
자전거 타고 유세 따라다니다 선물 받은 청년 그 사연은,World
전기차 원자재 최장 년까지 부족할 듯,World
점심값기름값보육비 안 오른 게 없다미국 직장인들의 런치플레이션 고민,World
단독 인터뷰 에스퍼 전 국방장관 트럼프 재집권하면 주한미군 철수 가능성,World
중국 인도 국경분쟁 지역서 다리 건설인도 불법 건설 반발,World
중국 인도 국경분쟁 지역서 다리 건설인도 불법 건설 반발,World
 맨유는 쓰레기 자막 실수에맨유팬들 의외의 반응,World
태평양 섬나라에 공들이는 중국우군확보대만고립군사거점,World
스텔란티스  전기차 원자재 년까지 부족할듯,World
 인태 규합 쉽지 않았다통상러시아 놓고 불협화음,World
집행위원장 러 석유 금수 몇 주 내 합의다음주는 아냐,World
연말 세계 기아 인구 억 예상러 제재 풀면 흑해 봉쇄 푼다,World
여름방학 성수기 시작도 전에 불황으로 끝나나,World
 맨유는 쓰레기  생방 중 나온 자막팬들 반응은 반전,World
중 하나의 중국 원칙과 미 하나의 중국 정책의 간극,World
머스크 테슬라 주가 폭락으로 재산 조원 증발,World
바이든 방일 후 거칠어지는  초치하고 군사활동,World
총 반납하면 주유권 준다했더니서 분만에 행사 끝,World
다보스포럼 뒤덮은 전쟁 걱정푸틴 식량위기 이용 말라,World
점심시간이 두려운  직장인들런치플레이션이 뭐길래,World
아르헨티나서 발견된 화석 역대 최대 크기 익룡죽음의 용 명명,World
올리면 침체 내리면 전력난 전기요금의 딜레마 강현우의 중국주식 분석,World
바이든은 반중연대 패키지 잡고 돌아갔다 한반도에 남은 것은,World
미국이 이끄는 반중연대  실패할 것  자신감 근거는,World
쿼드가 활동 막겠다고 한 중국 해양민병대의 정체는 뉴스,World
다보스 뒤덮은 우크라 이슈조지 소로스 차 세계대전의 시작일 수도,World
러시아군 돈바스 완전 장악 위해 총력전,World
귀국 밝힌 이근 욕 했냐 살아서 미안 영상 업로드 영상,World
미국 일 새 중국 정책 발표 중국 견제 본격화,World
러 비우호 서방언론에 재갈검찰에 외신 지부 인가 취소권,World
소로스  키신저 러우크라 전쟁 출구전략 어떻게,World
살라가 뭐 줘 득점왕 위해 뭉친 동료들,World
모국 부끄러워우크라 침공 개월 러 외교관국영도 쓴소리,World
대만 군사개입 발언 주워담기 논란 속  바이든이 옳다,World
 세대도 벼락거지월급은 그대론데 집값 고공행진,World
쿼드  해상민병대인공섬 문제 제기 근거없는 비난,World
러시아 유럽 접근 막히자 극동지역 물류 통로 확대,World
금리 올려도 집값 상승 전망에 고민 깊어지는  연준,World
수제 화승총이 화력의 전부 미얀마 시민군 장마철 시작 무기 지원 절실 호소,World
덴마크 하푼 미사일 제공우크라 곡물 수출 재개 가능할 수도 ,World
에스퍼 동북아는 최대 화약고한미일 협력 에 대응해야,World
러시아 기자 땡큐우크라 위치 노출된 러 박격포 폭파,World
흑해 봉쇄 풀어라덴마크 우크라에 대함 미사일 제공,World
러 끌려간 아조우스탈 사령관 아직은 유엔적십자사가 통제중,World
스텔란티스  전기차 배터리원자재 몇 년 내 부족,World
영상 별들의 무덤된 우크라전직 장군 탑승 러 전투기 격추 나우어스,World
 저가공세 나선 러시아밀월관계 이란과 멀어지나,World
바이든 떠난 직후 미사일 쏜  한국 일본에 대한 방위공약 철통같아,World
 맨유는 쓰레기 자막 실수에축구 팬들 의외의 반응,World
중러 쿼드 겨냥 까불지 말라상공에 전략폭격기 띄웠다 영상,World
한반도 평화 해법 없이 미국 전략에 동참 선언한 정상회담,World
원숭이두창 개국서 발생 억제 가능 과민반응 자제를,World
북한 차 핵실험 임박했다대통령실 핵기폭장치 작동 시험 탐지,World
미국  원숭이두창 공기 전파 안돼코로나 아니다,World
푸틴 건강 이상설 사실이었나러시아 크렘린궁 초비상,World
러시아 대 퇴역 공군 소장 사망우크라 사살 조종사 중 최고위,World
 미일정상회담 날에  열도 인근서 훈련에 경고종합,World
 러시아 채권 상환통로 결국 차단이르면 월 일 디폴트,World
돈바스 교전 격화우크라 운명이 동부에서 지금 결정되는 중,World
자막뉴스 미국도 감당하기 힘든 대가중국의 경고,World
바이든 오늘 새 중국정책 내용중 깜짝발표는 없을듯,World
줌인 중국은 어떻게 아프리카의 패권국가가 됐나,World
미 새 중국 정책 일 발표대만 문제 입장 주목,World
헝가리 총리 국가 비상사태 선포 초법적 권한 행사 예고,World
삼성스텔란티스 조 투자해 인디애나에 배터리 합작공장,World
연임 성공 헝가리 총리 갑자기 국가비상사태 선포왜,World
일본 방위상 마음에 꺼림칙해서 중러 비행 비난 환추스바오,World
영상 최초 공개 제공 만원 우크라 자폭 드론 억 러 탱크 잡아 나우어스,World
러 크렘린궁 내부에서 푸틴 퇴진 이후 문제 논의,World
대만 군사개입 돌직구에 바이든 예스회견장이 술렁거렸다,World
박 천만원 바이든 묵은 호텔특별 서비스 없었다 왜,World
원숭이두창 확산일로 과민반응 말라,World
푸틴 건강이상설에푸틴 후계자 찾는 크렘린궁 누가 대체할지 논의 중,World
러 월일 디폴트 가능성투자자 줄소송에 경제도  위축 전망,World
크렘린궁 내부 건강 이상설 푸틴 대체할 후계자 논의 중,World
국제기구 고위 관료들 러시아 식량 무기화 일제히 성토해결 방안은,World
중러 폭격기 쿼드 당일 상공서 포착 긴장 고조 안돼 반발,World
올 겨울 천연가스 대란 우려아시아유럽 확보경쟁,World
헝가리 총리 연임 직후 비상사태 선포우크라 전쟁 때문,World
러시아 독립 언론 정권 내부에서 푸틴 후계자 논의,World
부동산 침체 지속 중국 미분양 물량 년만에 최고,World
 미사일 도발 규탄대화 촉구바이든 귀국길에 보고받아종합,World
격분한 바이든 총기난사 지긋지긋 유권자가 심판해야,World
바이든 지지율 왜 이러나선거 앞두고  또 최저치,World
박지성 뛴 전설팀 무슨 일맨유 쓰레기  최악 방송사고,World
박지성 뛴 전설팀 무슨 일맨유 쓰레기  최악 방송사고,World
스타벅스 유기농 주스 브랜드 매각커피에 집중,World
 해군력 강화항모 대만해협 접근 차단 목표,World
영국령 저지아일랜드 러 부호 아브라모비치 재산 조원 가량 동결,World
 쿼드 맞불 태평양 개국 방문타이완 문제 불장난 말라,World
한국 반도체로   시동자유무역서 가치동맹으로,World
우크라 전쟁 석달 러 에너지 이어 식량 무기화,World
억짜리 년형 벤츠전세계서 제일 비싼 차,World
도 독한 술 마오타이 넣은 달콤한 아이스크림 나왔다,World
푸틴 우크라서 장기전 대비목표 달성까지 공세,World
중국 외교부장 남태평양 개국 순방미 대중국 봉쇄 돌파 시도,World
젤렌스키 러 의도적 공격지연은 허구,World
미 중간선거 앞둔 바이든 지지율 또 역대 최저,World
김치 냄새 부끄러웠는데뉴욕 김치의 날에 박수 터졌다르포,World
푸틴 건강 이상설 속 크렘린궁 내부 푸틴 후계자 논의,World
 원숭이두창 코로나와 달라공기전파 가능성 낮아,World
필리핀도 원전으로 기우나두테르테 차기 정부 가동 검토해야,World
우크라 차 세계대전의 시작일 수도소로스의 섬뜩한 경고,World
돈바스 교전 격화러 최후 공세일 수도시간은 우크라 편,World
영상 새 중국정책 발표바이든이 군사개입 언급한 대만 문제 주목,World
젤렌스키 우크라 나토 가입했으면 러 침략 없었을 것,World
키신저 러에 영토 일부 넘겨야 전쟁 끝나우크라 절대 불가,World
영상  카디즈 진입 중러훈련 영상 이례적 공개바이든에 노골적 무력 시위 나우어스,World
친푸틴 기자 자랑하다 실수로 러 박격포 위치 노출우크라 바로 폭파,World
중 미국 앞마당 남태평양 가는 날 미는 새 대중 정책 발표,World
테슬라 전고점에서 반토막 머스크 억달러 클럽 탈락,World
학생들 알몸사진 장 찍은 소아성애자 이튼 칼리지 교사,World
바이든 지지율 로 최저 경신물가가 발목 잡았다,World
 국채상환 유예조치 종료 디폴트에 한발 다가선 러시아,World
김치냄새 놀림당했는데 뉴욕 김치의 날 이런 날이,World
러 검찰에 외신 통제 법안 추진,World
런치플레이션유가폭등재택 끝난  직장인 아이고,World
조지 소로스 우크라 침공 차 대전 시작일 수도러 개방 사회 위협,World
키신저 우크라 끝내려면 러시아에 참패 안기려 말아야,World
고점대비 반토막난 테슬라 머스크 재산도 조 증발,World
아베크롬비 년 만에 주가 최대 하락인플레이션에 흔들,World
포착 만원으로 억 불태워우크라 자폭드론 러 탱크 파괴 영상,World
 인태지역 손잡자  태평양 도서국과 손잡는다,World
세계 경제 견인차  멈췄다도시봉쇄로 드러난 중국경제의 민낯,World
파키스탄  지원 못 받으면 디폴트스리랑카 뒤잇나,World
 관영매체 쿼드는 교활한 속임수국가들  총알 받이해,World
전세계 생계비 위기 직면 에너지요금 상한  상승,World
포착 뉴스에 노출된 러 무기 파괴한 우크라러시아 기자 땡큐영상,World
소로스 우크라 전쟁 차대전 서막일 수도러 물리쳐야,World
냄새난다고 놀림당했는데 감격뉴욕 김치의 날 만든 한국계 의원,World
러시아 괴물 서 자랑했다 우크라이나에 폭파 돼,World
바이든 텍사스 총기 난사 사건에 총기 로비에 맞서야 할 때,World
국제에너지기구 수장 유럽 올겨울 가스배급제 시행할수도,World
비트코인 달러까지 폭락할 수도 투자회사의 경고,World
 지린성 국경 도시 긴급 회의매일 검사하라,World
우크라 차 세계대전 서막인류문명 살아남지 못할 수도 소로스의 경고,World
 정상회담 가장 생산적글로벌 포괄적 전략동맹 현명한 접근,World
러 우크라 침략 비판없는 공동성명쿼드는 온건한 연합체,World
바이든 귀국길 미사일 쏜  명백한 도발 강력히 규탄,World
지구촌 더뉴스 남아공 패러글라이더 에베레스트서 세계 최초 합법 비행,World
 권도형 현재 한국에서 가장 미움 받는 남자,World
소로스 우크라이나 침공 차 세계대전의 시작일 수 있어,World
 사무총장 푸틴 우크라 침공은 전략적 실수,World
영상 유럽 올겨울 가스배급제 해야 할 수도러 에너지 의존 값비싼 대가 나우어스,World
다보스 포럼 참가자들 식량 무기화 러시아 비난 한 목소리,World
 증시 약세장에도에버코어  더 오른다,World
터키 시리아 국경에 군사 작전 실시할 것핀란드스웨덴  가입 볼모 삼아,World
영상 바이든 보란듯 함정 미일정상회담 날  열도 해협 통과 나우어스,World
고물가에 뒤집힌 여론러 제재보다 경제 우선해야,World
테슬라 주가 고점 대비 반토막올해 머스크 재산 조,World
외신들 바이든 순방 직후  미사일 발사하자 곧바로 속보 타전,World
속보 대통령 주재  미사일 중대 도발 강력규탄,World
우크라 국민  러시아에 영토 양보해선 안돼,World
 수장 유럽 올겨울 가스배급제 해야 할 수도,World
아시아 순방 효과 없네 바이든 대통령 지지율 취임후 최저,World
샤넬이 샤넬했다봉쇄에도 매출 굳건,World
필리핀 마르코스 초대 경제 수장에 정적 아키노 때 관료 기용,World
외무성 간부 바이든 대만 발언 미일간 조율된 것 아냐깜짝 놀라,World
 한일에 대한 미국 방위공약 철통  분명한 도발 용서되지 않아,World
도망치면 사살하라공안 신장 위구르 수용소 천명 자료 유출,World
젤렌스키 러 일부러 공격 늦춰 주장에 한심하다,World
나토 사무총장 푸틴의 우크라 침공 큰 전략적 실수,World
러시아 민간인 위해 일부러 공격 늦췄다는 주장에 젤렌스키 한심,World
마르코스 초대 경제 수장에 정적 아키노 시절 관료 기용,World
인도 설탕 수출도 제한식량 보호주의 무역전쟁 부를라,World
 증시 약세장에도에버코어  더 오른다,World
터키 시리아 국경에 군사 작전 실시할 것핀란드스웨덴  가입 볼모 삼아,World
영상 바이든 보란듯 함정 미일정상회담 날  열도 해협 통과 나우어스,World
고물가에 뒤집힌 여론러 제재보다 경제 우선해야,World
테슬라 주가 고점 대비 반토막올해 머스크 재산 조,World
외신들 바이든 순방 직후  미사일 발사하자 곧바로 속보 타전,World
속보 대통령 주재  미사일 중대 도발 강력규탄,World
우크라 국민  러시아에 영토 양보해선 안돼,World
 수장 유럽 올겨울 가스배급제 해야 할 수도,World
아시아 순방 효과 없네 바이든 대통령 지지율 취임후 최저,World
샤넬이 샤넬했다봉쇄에도 매출 굳건,World
필리핀 마르코스 초대 경제 수장에 정적 아키노 때 관료 기용,World
외무성 간부 바이든 대만 발언 미일간 조율된 것 아냐깜짝 놀라,World
 한일에 대한 미국 방위공약 철통  분명한 도발 용서되지 않아,World
도망치면 사살하라공안 신장 위구르 수용소 천명 자료 유출,World
젤렌스키 러 일부러 공격 늦춰 주장에 한심하다,World
나토 사무총장 푸틴의 우크라 침공 큰 전략적 실수,World
러시아 민간인 위해 일부러 공격 늦췄다는 주장에 젤렌스키 한심,World
마르코스 초대 경제 수장에 정적 아키노 시절 관료 기용,World
인도 설탕 수출도 제한식량 보호주의 무역전쟁 부를라,World
 증시 약세장에도에버코어  더 오른다,World
터키 시리아 국경에 군사 작전 실시할 것핀란드스웨덴  가입 볼모 삼아,World
영상 바이든 보란듯 함정 미일정상회담 날  열도 해협 통과 나우어스,World
고물가에 뒤집힌 여론러 제재보다 경제 우선해야,World
테슬라 주가 고점 대비 반토막올해 머스크 재산 조,World
외신들 바이든 순방 직후  미사일 발사하자 곧바로 속보 타전,World
속보 대통령 주재  미사일 중대 도발 강력규탄,World
우크라 국민  러시아에 영토 양보해선 안돼,World
 수장 유럽 올겨울 가스배급제 해야 할 수도,World
아시아 순방 효과 없네 바이든 대통령 지지율 취임후 최저,World
샤넬이 샤넬했다봉쇄에도 매출 굳건,World
필리핀 마르코스 초대 경제 수장에 정적 아키노 때 관료 기용,World
외무성 간부 바이든 대만 발언 미일간 조율된 것 아냐깜짝 놀라,World
 한일에 대한 미국 방위공약 철통  분명한 도발 용서되지 않아,World
도망치면 사살하라공안 신장 위구르 수용소 천명 자료 유출,World
젤렌스키 러 일부러 공격 늦춰 주장에 한심하다,World
나토 사무총장 푸틴의 우크라 침공 큰 전략적 실수,World
러시아 민간인 위해 일부러 공격 늦췄다는 주장에 젤렌스키 한심,World
마르코스 초대 경제 수장에 정적 아키노 시절 관료 기용,World
인도 설탕 수출도 제한식량 보호주의 무역전쟁 부를라,World
 증시 약세장에도에버코어  더 오른다,World
터키 시리아 국경에 군사 작전 실시할 것핀란드스웨덴  가입 볼모 삼아,World
영상 바이든 보란듯 함정 미일정상회담 날  열도 해협 통과 나우어스,World
고물가에 뒤집힌 여론러 제재보다 경제 우선해야,World
테슬라 주가 고점 대비 반토막올해 머스크 재산 조,World
외신들 바이든 순방 직후  미사일 발사하자 곧바로 속보 타전,World
속보 대통령 주재  미사일 중대 도발 강력규탄,World
우크라 국민  러시아에 영토 양보해선 안돼,World
 수장 유럽 올겨울 가스배급제 해야 할 수도,World
아시아 순방 효과 없네 바이든 대통령 지지율 취임후 최저,World
샤넬이 샤넬했다봉쇄에도 매출 굳건,World
필리핀 마르코스 초대 경제 수장에 정적 아키노 때 관료 기용,World
외무성 간부 바이든 대만 발언 미일간 조율된 것 아냐깜짝 놀라,World
 한일에 대한 미국 방위공약 철통  분명한 도발 용서되지 않아,World
도망치면 사살하라공안 신장 위구르 수용소 천명 자료 유출,World
젤렌스키 러 일부러 공격 늦춰 주장에 한심하다,World
나토 사무총장 푸틴의 우크라 침공 큰 전략적 실수,World
러시아 민간인 위해 일부러 공격 늦췄다는 주장에 젤렌스키 한심,World
마르코스 초대 경제 수장에 정적 아키노 시절 관료 기용,World
인도 설탕 수출도 제한식량 보호주의 무역전쟁 부를라,World
 증시 약세장에도에버코어  더 오른다,World
터키 시리아 국경에 군사 작전 실시할 것핀란드스웨덴  가입 볼모 삼아,World
영상 바이든 보란듯 함정 미일정상회담 날  열도 해협 통과 나우어스,World
고물가에 뒤집힌 여론러 제재보다 경제 우선해야,World
테슬라 주가 고점 대비 반토막올해 머스크 재산 조,World
외신들 바이든 순방 직후  미사일 발사하자 곧바로 속보 타전,World
속보 대통령 주재  미사일 중대 도발 강력규탄,World
우크라 국민  러시아에 영토 양보해선 안돼,World
 수장 유럽 올겨울 가스배급제 해야 할 수도,World
아시아 순방 효과 없네 바이든 대통령 지지율 취임후 최저,World
샤넬이 샤넬했다봉쇄에도 매출 굳건,World
필리핀 마르코스 초대 경제 수장에 정적 아키노 때 관료 기용,World
외무성 간부 바이든 대만 발언 미일간 조율된 것 아냐깜짝 놀라,World
 한일에 대한 미국 방위공약 철통  분명한 도발 용서되지 않아,World
도망치면 사살하라공안 신장 위구르 수용소 천명 자료 유출,World
젤렌스키 러 일부러 공격 늦춰 주장에 한심하다,World
나토 사무총장 푸틴의 우크라 침공 큰 전략적 실수,World
러시아 민간인 위해 일부러 공격 늦췄다는 주장에 젤렌스키 한심,World
마르코스 초대 경제 수장에 정적 아키노 시절 관료 기용,World
인도 설탕 수출도 제한식량 보호주의 무역전쟁 부를라,World
 증시 약세장에도에버코어  더 오른다,World
터키 시리아 국경에 군사 작전 실시할 것핀란드스웨덴  가입 볼모 삼아,World
영상 바이든 보란듯 함정 미일정상회담 날  열도 해협 통과 나우어스,World
고물가에 뒤집힌 여론러 제재보다 경제 우선해야,World
테슬라 주가 고점 대비 반토막올해 머스크 재산 조,World
외신들 바이든 순방 직후  미사일 발사하자 곧바로 속보 타전,World
속보 대통령 주재  미사일 중대 도발 강력규탄,World
우크라 국민  러시아에 영토 양보해선 안돼,World
 수장 유럽 올겨울 가스배급제 해야 할 수도,World
아시아 순방 효과 없네 바이든 대통령 지지율 취임후 최저,World
샤넬이 샤넬했다봉쇄에도 매출 굳건,World
필리핀 마르코스 초대 경제 수장에 정적 아키노 때 관료 기용,World
외무성 간부 바이든 대만 발언 미일간 조율된 것 아냐깜짝 놀라,World
 한일에 대한 미국 방위공약 철통  분명한 도발 용서되지 않아,World
도망치면 사살하라공안 신장 위구르 수용소 천명 자료 유출,World
젤렌스키 러 일부러 공격 늦춰 주장에 한심하다,World
나토 사무총장 푸틴의 우크라 침공 큰 전략적 실수,World
러시아 민간인 위해 일부러 공격 늦췄다는 주장에 젤렌스키 한심,World
마르코스 초대 경제 수장에 정적 아키노 시절 관료 기용,World
인도 설탕 수출도 제한식량 보호주의 무역전쟁 부를라,World
 증시 약세장에도에버코어  더 오른다,World
터키 시리아 국경에 군사 작전 실시할 것핀란드스웨덴  가입 볼모 삼아,World
영상 바이든 보란듯 함정 미일정상회담 날  열도 해협 통과 나우어스,World
고물가에 뒤집힌 여론러 제재보다 경제 우선해야,World
테슬라 주가 고점 대비 반토막올해 머스크 재산 조,World
외신들 바이든 순방 직후  미사일 발사하자 곧바로 속보 타전,World
속보 대통령 주재  미사일 중대 도발 강력규탄,World
우크라 국민  러시아에 영토 양보해선 안돼,World
 수장 유럽 올겨울 가스배급제 해야 할 수도,World
아시아 순방 효과 없네 바이든 대통령 지지율 취임후 최저,World
샤넬이 샤넬했다봉쇄에도 매출 굳건,World
필리핀 마르코스 초대 경제 수장에 정적 아키노 때 관료 기용,World
외무성 간부 바이든 대만 발언 미일간 조율된 것 아냐깜짝 놀라,World
 한일에 대한 미국 방위공약 철통  분명한 도발 용서되지 않아,World
도망치면 사살하라공안 신장 위구르 수용소 천명 자료 유출,World
젤렌스키 러 일부러 공격 늦춰 주장에 한심하다,World
나토 사무총장 푸틴의 우크라 침공 큰 전략적 실수,World
러시아 민간인 위해 일부러 공격 늦췄다는 주장에 젤렌스키 한심,World
마르코스 초대 경제 수장에 정적 아키노 시절 관료 기용,World
인도 설탕 수출도 제한식량 보호주의 무역전쟁 부를라,World
 증시 약세장에도에버코어  더 오른다,World
터키 시리아 국경에 군사 작전 실시할 것핀란드스웨덴  가입 볼모 삼아,World
영상 바이든 보란듯 함정 미일정상회담 날  열도 해협 통과 나우어스,World
고물가에 뒤집힌 여론러 제재보다 경제 우선해야,World
테슬라 주가 고점 대비 반토막올해 머스크 재산 조,World
외신들 바이든 순방 직후  미사일 발사하자 곧바로 속보 타전,World
속보 대통령 주재  미사일 중대 도발 강력규탄,World
우크라 국민  러시아에 영토 양보해선 안돼,World
 수장 유럽 올겨울 가스배급제 해야 할 수도,World
아시아 순방 효과 없네 바이든 대통령 지지율 취임후 최저,World
샤넬이 샤넬했다봉쇄에도 매출 굳건,World
필리핀 마르코스 초대 경제 수장에 정적 아키노 때 관료 기용,World
외무성 간부 바이든 대만 발언 미일간 조율된 것 아냐깜짝 놀라,World
 한일에 대한 미국 방위공약 철통  분명한 도발 용서되지 않아,World
도망치면 사살하라공안 신장 위구르 수용소 천명 자료 유출,World
젤렌스키 러 일부러 공격 늦춰 주장에 한심하다,World
나토 사무총장 푸틴의 우크라 침공 큰 전략적 실수,World
러시아 민간인 위해 일부러 공격 늦췄다는 주장에 젤렌스키 한심,World
마르코스 초대 경제 수장에 정적 아키노 시절 관료 기용,World
인도 설탕 수출도 제한식량 보호주의 무역전쟁 부를라,World
 증시 약세장에도에버코어  더 오른다,World
터키 시리아 국경에 군사 작전 실시할 것핀란드스웨덴  가입 볼모 삼아,World
영상 바이든 보란듯 함정 미일정상회담 날  열도 해협 통과 나우어스,World
고물가에 뒤집힌 여론러 제재보다 경제 우선해야,World
테슬라 주가 고점 대비 반토막올해 머스크 재산 조,World
외신들 바이든 순방 직후  미사일 발사하자 곧바로 속보 타전,World
속보 대통령 주재  미사일 중대 도발 강력규탄,World
우크라 국민  러시아에 영토 양보해선 안돼,World
 수장 유럽 올겨울 가스배급제 해야 할 수도,World
아시아 순방 효과 없네 바이든 대통령 지지율 취임후 최저,World
샤넬이 샤넬했다봉쇄에도 매출 굳건,World
필리핀 마르코스 초대 경제 수장에 정적 아키노 때 관료 기용,World
외무성 간부 바이든 대만 발언 미일간 조율된 것 아냐깜짝 놀라,World
 한일에 대한 미국 방위공약 철통  분명한 도발 용서되지 않아,World
도망치면 사살하라공안 신장 위구르 수용소 천명 자료 유출,World
젤렌스키 러 일부러 공격 늦춰 주장에 한심하다,World
나토 사무총장 푸틴의 우크라 침공 큰 전략적 실수,World
러시아 민간인 위해 일부러 공격 늦췄다는 주장에 젤렌스키 한심,World
마르코스 초대 경제 수장에 정적 아키노 시절 관료 기용,World
인도 설탕 수출도 제한식량 보호주의 무역전쟁 부를라,World
 증시 약세장에도에버코어  더 오른다,World
터키 시리아 국경에 군사 작전 실시할 것핀란드스웨덴  가입 볼모 삼아,World
영상 바이든 보란듯 함정 미일정상회담 날  열도 해협 통과 나우어스,World
고물가에 뒤집힌 여론러 제재보다 경제 우선해야,World
테슬라 주가 고점 대비 반토막올해 머스크 재산 조,World
외신들 바이든 순방 직후  미사일 발사하자 곧바로 속보 타전,World
속보 대통령 주재  미사일 중대 도발 강력규탄,World
우크라 국민  러시아에 영토 양보해선 안돼,World
 수장 유럽 올겨울 가스배급제 해야 할 수도,World
아시아 순방 효과 없네 바이든 대통령 지지율 취임후 최저,World
샤넬이 샤넬했다봉쇄에도 매출 굳건,World
필리핀 마르코스 초대 경제 수장에 정적 아키노 때 관료 기용,World
외무성 간부 바이든 대만 발언 미일간 조율된 것 아냐깜짝 놀라,World
 한일에 대한 미국 방위공약 철통  분명한 도발 용서되지 않아,World
도망치면 사살하라공안 신장 위구르 수용소 천명 자료 유출,World
젤렌스키 러 일부러 공격 늦춰 주장에 한심하다,World
나토 사무총장 푸틴의 우크라 침공 큰 전략적 실수,World
러시아 민간인 위해 일부러 공격 늦췄다는 주장에 젤렌스키 한심,World
마르코스 초대 경제 수장에 정적 아키노 시절 관료 기용,World
인도 설탕 수출도 제한식량 보호주의 무역전쟁 부를라,World
 증시 약세장에도에버코어  더 오른다,World
터키 시리아 국경에 군사 작전 실시할 것핀란드스웨덴  가입 볼모 삼아,World
영상 바이든 보란듯 함정 미일정상회담 날  열도 해협 통과 나우어스,World
고물가에 뒤집힌 여론러 제재보다 경제 우선해야,World
테슬라 주가 고점 대비 반토막올해 머스크 재산 조,World
외신들 바이든 순방 직후  미사일 발사하자 곧바로 속보 타전,World
속보 대통령 주재  미사일 중대 도발 강력규탄,World
우크라 국민  러시아에 영토 양보해선 안돼,World
 수장 유럽 올겨울 가스배급제 해야 할 수도,World
아시아 순방 효과 없네 바이든 대통령 지지율 취임후 최저,World
샤넬이 샤넬했다봉쇄에도 매출 굳건,World
필리핀 마르코스 초대 경제 수장에 정적 아키노 때 관료 기용,World
외무성 간부 바이든 대만 발언 미일간 조율된 것 아냐깜짝 놀라,World
 한일에 대한 미국 방위공약 철통  분명한 도발 용서되지 않아,World
도망치면 사살하라공안 신장 위구르 수용소 천명 자료 유출,World
젤렌스키 러 일부러 공격 늦춰 주장에 한심하다,World
나토 사무총장 푸틴의 우크라 침공 큰 전략적 실수,World
러시아 민간인 위해 일부러 공격 늦췄다는 주장에 젤렌스키 한심,World
마르코스 초대 경제 수장에 정적 아키노 시절 관료 기용,World
인도 설탕 수출도 제한식량 보호주의 무역전쟁 부를라,World
 증시 약세장에도에버코어  더 오른다,World
터키 시리아 국경에 군사 작전 실시할 것핀란드스웨덴  가입 볼모 삼아,World
영상 바이든 보란듯 함정 미일정상회담 날  열도 해협 통과 나우어스,World
고물가에 뒤집힌 여론러 제재보다 경제 우선해야,World
테슬라 주가 고점 대비 반토막올해 머스크 재산 조,World
외신들 바이든 순방 직후  미사일 발사하자 곧바로 속보 타전,World
속보 대통령 주재  미사일 중대 도발 강력규탄,World
우크라 국민  러시아에 영토 양보해선 안돼,World
 수장 유럽 올겨울 가스배급제 해야 할 수도,World
아시아 순방 효과 없네 바이든 대통령 지지율 취임후 최저,World
샤넬이 샤넬했다봉쇄에도 매출 굳건,World
필리핀 마르코스 초대 경제 수장에 정적 아키노 때 관료 기용,World
외무성 간부 바이든 대만 발언 미일간 조율된 것 아냐깜짝 놀라,World
 한일에 대한 미국 방위공약 철통  분명한 도발 용서되지 않아,World
도망치면 사살하라공안 신장 위구르 수용소 천명 자료 유출,World
젤렌스키 러 일부러 공격 늦춰 주장에 한심하다,World
나토 사무총장 푸틴의 우크라 침공 큰 전략적 실수,World
러시아 민간인 위해 일부러 공격 늦췄다는 주장에 젤렌스키 한심,World
마르코스 초대 경제 수장에 정적 아키노 시절 관료 기용,World
인도 설탕 수출도 제한식량 보호주의 무역전쟁 부를라,World
 증시 약세장에도에버코어  더 오른다,World
터키 시리아 국경에 군사 작전 실시할 것핀란드스웨덴  가입 볼모 삼아,World
영상 바이든 보란듯 함정 미일정상회담 날  열도 해협 통과 나우어스,World
고물가에 뒤집힌 여론러 제재보다 경제 우선해야,World
테슬라 주가 고점 대비 반토막올해 머스크 재산 조,World
외신들 바이든 순방 직후  미사일 발사하자 곧바로 속보 타전,World
속보 대통령 주재  미사일 중대 도발 강력규탄,World
우크라 국민  러시아에 영토 양보해선 안돼,World
 수장 유럽 올겨울 가스배급제 해야 할 수도,World
아시아 순방 효과 없네 바이든 대통령 지지율 취임후 최저,World
샤넬이 샤넬했다봉쇄에도 매출 굳건,World
필리핀 마르코스 초대 경제 수장에 정적 아키노 때 관료 기용,World
외무성 간부 바이든 대만 발언 미일간 조율된 것 아냐깜짝 놀라,World
 한일에 대한 미국 방위공약 철통  분명한 도발 용서되지 않아,World
도망치면 사살하라공안 신장 위구르 수용소 천명 자료 유출,World
젤렌스키 러 일부러 공격 늦춰 주장에 한심하다,World
나토 사무총장 푸틴의 우크라 침공 큰 전략적 실수,World
러시아 민간인 위해 일부러 공격 늦췄다는 주장에 젤렌스키 한심,World
마르코스 초대 경제 수장에 정적 아키노 시절 관료 기용,World
인도 설탕 수출도 제한식량 보호주의 무역전쟁 부를라,World
 증시 약세장에도에버코어  더 오른다,World
터키 시리아 국경에 군사 작전 실시할 것핀란드스웨덴  가입 볼모 삼아,World
영상 바이든 보란듯 함정 미일정상회담 날  열도 해협 통과 나우어스,World
고물가에 뒤집힌 여론러 제재보다 경제 우선해야,World
테슬라 주가 고점 대비 반토막올해 머스크 재산 조,World
외신들 바이든 순방 직후  미사일 발사하자 곧바로 속보 타전,World
속보 대통령 주재  미사일 중대 도발 강력규탄,World
우크라 국민  러시아에 영토 양보해선 안돼,World
 수장 유럽 올겨울 가스배급제 해야 할 수도,World
아시아 순방 효과 없네 바이든 대통령 지지율 취임후 최저,World
샤넬이 샤넬했다봉쇄에도 매출 굳건,World
필리핀 마르코스 초대 경제 수장에 정적 아키노 때 관료 기용,World
외무성 간부 바이든 대만 발언 미일간 조율된 것 아냐깜짝 놀라,World
 한일에 대한 미국 방위공약 철통  분명한 도발 용서되지 않아,World
도망치면 사살하라공안 신장 위구르 수용소 천명 자료 유출,World
젤렌스키 러 일부러 공격 늦춰 주장에 한심하다,World
나토 사무총장 푸틴의 우크라 침공 큰 전략적 실수,World
러시아 민간인 위해 일부러 공격 늦췄다는 주장에 젤렌스키 한심,World
마르코스 초대 경제 수장에 정적 아키노 시절 관료 기용,World
인도 설탕 수출도 제한식량 보호주의 무역전쟁 부를라,World
 증시 약세장에도에버코어  더 오른다,World
터키 시리아 국경에 군사 작전 실시할 것핀란드스웨덴  가입 볼모 삼아,World
영상 바이든 보란듯 함정 미일정상회담 날  열도 해협 통과 나우어스,World
고물가에 뒤집힌 여론러 제재보다 경제 우선해야,World
테슬라 주가 고점 대비 반토막올해 머스크 재산 조,World
외신들 바이든 순방 직후  미사일 발사하자 곧바로 속보 타전,World
속보 대통령 주재  미사일 중대 도발 강력규탄,World
우크라 국민  러시아에 영토 양보해선 안돼,World
 수장 유럽 올겨울 가스배급제 해야 할 수도,World
아시아 순방 효과 없네 바이든 대통령 지지율 취임후 최저,World
샤넬이 샤넬했다봉쇄에도 매출 굳건,World
필리핀 마르코스 초대 경제 수장에 정적 아키노 때 관료 기용,World
외무성 간부 바이든 대만 발언 미일간 조율된 것 아냐깜짝 놀라,World
 한일에 대한 미국 방위공약 철통  분명한 도발 용서되지 않아,World
도망치면 사살하라공안 신장 위구르 수용소 천명 자료 유출,World
젤렌스키 러 일부러 공격 늦춰 주장에 한심하다,World
나토 사무총장 푸틴의 우크라 침공 큰 전략적 실수,World
러시아 민간인 위해 일부러 공격 늦췄다는 주장에 젤렌스키 한심,World
마르코스 초대 경제 수장에 정적 아키노 시절 관료 기용,World
인도 설탕 수출도 제한식량 보호주의 무역전쟁 부를라,World
 증시 약세장에도에버코어  더 오른다,World
터키 시리아 국경에 군사 작전 실시할 것핀란드스웨덴  가입 볼모 삼아,World
영상 바이든 보란듯 함정 미일정상회담 날  열도 해협 통과 나우어스,World
고물가에 뒤집힌 여론러 제재보다 경제 우선해야,World
테슬라 주가 고점 대비 반토막올해 머스크 재산 조,World
외신들 바이든 순방 직후  미사일 발사하자 곧바로 속보 타전,World
속보 대통령 주재  미사일 중대 도발 강력규탄,World
우크라 국민  러시아에 영토 양보해선 안돼,World
 수장 유럽 올겨울 가스배급제 해야 할 수도,World
아시아 순방 효과 없네 바이든 대통령 지지율 취임후 최저,World
샤넬이 샤넬했다봉쇄에도 매출 굳건,World
필리핀 마르코스 초대 경제 수장에 정적 아키노 때 관료 기용,World
외무성 간부 바이든 대만 발언 미일간 조율된 것 아냐깜짝 놀라,World
 한일에 대한 미국 방위공약 철통  분명한 도발 용서되지 않아,World
도망치면 사살하라공안 신장 위구르 수용소 천명 자료 유출,World
젤렌스키 러 일부러 공격 늦춰 주장에 한심하다,World
나토 사무총장 푸틴의 우크라 침공 큰 전략적 실수,World
러시아 민간인 위해 일부러 공격 늦췄다는 주장에 젤렌스키 한심,World
마르코스 초대 경제 수장에 정적 아키노 시절 관료 기용,World
인도 설탕 수출도 제한식량 보호주의 무역전쟁 부를라,World
 증시 약세장에도에버코어  더 오른다,World
터키 시리아 국경에 군사 작전 실시할 것핀란드스웨덴  가입 볼모 삼아,World
영상 바이든 보란듯 함정 미일정상회담 날  열도 해협 통과 나우어스,World
고물가에 뒤집힌 여론러 제재보다 경제 우선해야,World
테슬라 주가 고점 대비 반토막올해 머스크 재산 조,World
외신들 바이든 순방 직후  미사일 발사하자 곧바로 속보 타전,World
속보 대통령 주재  미사일 중대 도발 강력규탄,World
우크라 국민  러시아에 영토 양보해선 안돼,World
 수장 유럽 올겨울 가스배급제 해야 할 수도,World
아시아 순방 효과 없네 바이든 대통령 지지율 취임후 최저,World
샤넬이 샤넬했다봉쇄에도 매출 굳건,World
필리핀 마르코스 초대 경제 수장에 정적 아키노 때 관료 기용,World
외무성 간부 바이든 대만 발언 미일간 조율된 것 아냐깜짝 놀라,World
 한일에 대한 미국 방위공약 철통  분명한 도발 용서되지 않아,World
도망치면 사살하라공안 신장 위구르 수용소 천명 자료 유출,World
젤렌스키 러 일부러 공격 늦춰 주장에 한심하다,World
나토 사무총장 푸틴의 우크라 침공 큰 전략적 실수,World
러시아 민간인 위해 일부러 공격 늦췄다는 주장에 젤렌스키 한심,World
마르코스 초대 경제 수장에 정적 아키노 시절 관료 기용,World
인도 설탕 수출도 제한식량 보호주의 무역전쟁 부를라,World
 증시 약세장에도에버코어  더 오른다,World
터키 시리아 국경에 군사 작전 실시할 것핀란드스웨덴  가입 볼모 삼아,World
영상 바이든 보란듯 함정 미일정상회담 날  열도 해협 통과 나우어스,World
고물가에 뒤집힌 여론러 제재보다 경제 우선해야,World
테슬라 주가 고점 대비 반토막올해 머스크 재산 조,World
외신들 바이든 순방 직후  미사일 발사하자 곧바로 속보 타전,World
속보 대통령 주재  미사일 중대 도발 강력규탄,World
우크라 국민  러시아에 영토 양보해선 안돼,World
 수장 유럽 올겨울 가스배급제 해야 할 수도,World
아시아 순방 효과 없네 바이든 대통령 지지율 취임후 최저,World
샤넬이 샤넬했다봉쇄에도 매출 굳건,World
필리핀 마르코스 초대 경제 수장에 정적 아키노 때 관료 기용,World
외무성 간부 바이든 대만 발언 미일간 조율된 것 아냐깜짝 놀라,World
 한일에 대한 미국 방위공약 철통  분명한 도발 용서되지 않아,World
도망치면 사살하라공안 신장 위구르 수용소 천명 자료 유출,World
젤렌스키 러 일부러 공격 늦춰 주장에 한심하다,World
나토 사무총장 푸틴의 우크라 침공 큰 전략적 실수,World
러시아 민간인 위해 일부러 공격 늦췄다는 주장에 젤렌스키 한심,World
마르코스 초대 경제 수장에 정적 아키노 시절 관료 기용,World
인도 설탕 수출도 제한식량 보호주의 무역전쟁 부를라,World
 증시 약세장에도에버코어  더 오른다,World
터키 시리아 국경에 군사 작전 실시할 것핀란드스웨덴  가입 볼모 삼아,World
영상 바이든 보란듯 함정 미일정상회담 날  열도 해협 통과 나우어스,World
고물가에 뒤집힌 여론러 제재보다 경제 우선해야,World
테슬라 주가 고점 대비 반토막올해 머스크 재산 조,World
외신들 바이든 순방 직후  미사일 발사하자 곧바로 속보 타전,World
속보 대통령 주재  미사일 중대 도발 강력규탄,World
우크라 국민  러시아에 영토 양보해선 안돼,World
 수장 유럽 올겨울 가스배급제 해야 할 수도,World
아시아 순방 효과 없네 바이든 대통령 지지율 취임후 최저,World
샤넬이 샤넬했다봉쇄에도 매출 굳건,World
필리핀 마르코스 초대 경제 수장에 정적 아키노 때 관료 기용,World
외무성 간부 바이든 대만 발언 미일간 조율된 것 아냐깜짝 놀라,World
 한일에 대한 미국 방위공약 철통  분명한 도발 용서되지 않아,World
도망치면 사살하라공안 신장 위구르 수용소 천명 자료 유출,World
젤렌스키 러 일부러 공격 늦춰 주장에 한심하다,World
나토 사무총장 푸틴의 우크라 침공 큰 전략적 실수,World
러시아 민간인 위해 일부러 공격 늦췄다는 주장에 젤렌스키 한심,World
마르코스 초대 경제 수장에 정적 아키노 시절 관료 기용,World
인도 설탕 수출도 제한식량 보호주의 무역전쟁 부를라,World
 증시 약세장에도에버코어  더 오른다,World
터키 시리아 국경에 군사 작전 실시할 것핀란드스웨덴  가입 볼모 삼아,World
영상 바이든 보란듯 함정 미일정상회담 날  열도 해협 통과 나우어스,World
고물가에 뒤집힌 여론러 제재보다 경제 우선해야,World
테슬라 주가 고점 대비 반토막올해 머스크 재산 조,World
외신들 바이든 순방 직후  미사일 발사하자 곧바로 속보 타전,World
속보 대통령 주재  미사일 중대 도발 강력규탄,World
우크라 국민  러시아에 영토 양보해선 안돼,World
 수장 유럽 올겨울 가스배급제 해야 할 수도,World
아시아 순방 효과 없네 바이든 대통령 지지율 취임후 최저,World
샤넬이 샤넬했다봉쇄에도 매출 굳건,World
필리핀 마르코스 초대 경제 수장에 정적 아키노 때 관료 기용,World
외무성 간부 바이든 대만 발언 미일간 조율된 것 아냐깜짝 놀라,World
 한일에 대한 미국 방위공약 철통  분명한 도발 용서되지 않아,World
도망치면 사살하라공안 신장 위구르 수용소 천명 자료 유출,World
젤렌스키 러 일부러 공격 늦춰 주장에 한심하다,World
나토 사무총장 푸틴의 우크라 침공 큰 전략적 실수,World
러시아 민간인 위해 일부러 공격 늦췄다는 주장에 젤렌스키 한심,World
마르코스 초대 경제 수장에 정적 아키노 시절 관료 기용,World
인도 설탕 수출도 제한식량 보호주의 무역전쟁 부를라,World
 증시 약세장에도에버코어  더 오른다,World
터키 시리아 국경에 군사 작전 실시할 것핀란드스웨덴  가입 볼모 삼아,World
영상 바이든 보란듯 함정 미일정상회담 날  열도 해협 통과 나우어스,World
고물가에 뒤집힌 여론러 제재보다 경제 우선해야,World
테슬라 주가 고점 대비 반토막올해 머스크 재산 조,World
외신들 바이든 순방 직후  미사일 발사하자 곧바로 속보 타전,World
속보 대통령 주재  미사일 중대 도발 강력규탄,World
우크라 국민  러시아에 영토 양보해선 안돼,World
 수장 유럽 올겨울 가스배급제 해야 할 수도,World
아시아 순방 효과 없네 바이든 대통령 지지율 취임후 최저,World
샤넬이 샤넬했다봉쇄에도 매출 굳건,World
필리핀 마르코스 초대 경제 수장에 정적 아키노 때 관료 기용,World
외무성 간부 바이든 대만 발언 미일간 조율된 것 아냐깜짝 놀라,World
 한일에 대한 미국 방위공약 철통  분명한 도발 용서되지 않아,World
도망치면 사살하라공안 신장 위구르 수용소 천명 자료 유출,World
젤렌스키 러 일부러 공격 늦춰 주장에 한심하다,World
나토 사무총장 푸틴의 우크라 침공 큰 전략적 실수,World
러시아 민간인 위해 일부러 공격 늦췄다는 주장에 젤렌스키 한심,World
마르코스 초대 경제 수장에 정적 아키노 시절 관료 기용,World
인도 설탕 수출도 제한식량 보호주의 무역전쟁 부를라,World
 증시 약세장에도에버코어  더 오른다,World
터키 시리아 국경에 군사 작전 실시할 것핀란드스웨덴  가입 볼모 삼아,World
영상 바이든 보란듯 함정 미일정상회담 날  열도 해협 통과 나우어스,World
고물가에 뒤집힌 여론러 제재보다 경제 우선해야,World
테슬라 주가 고점 대비 반토막올해 머스크 재산 조,World
외신들 바이든 순방 직후  미사일 발사하자 곧바로 속보 타전,World
속보 대통령 주재  미사일 중대 도발 강력규탄,World
우크라 국민  러시아에 영토 양보해선 안돼,World
 수장 유럽 올겨울 가스배급제 해야 할 수도,World
아시아 순방 효과 없네 바이든 대통령 지지율 취임후 최저,World
샤넬이 샤넬했다봉쇄에도 매출 굳건,World
필리핀 마르코스 초대 경제 수장에 정적 아키노 때 관료 기용,World
외무성 간부 바이든 대만 발언 미일간 조율된 것 아냐깜짝 놀라,World
 한일에 대한 미국 방위공약 철통  분명한 도발 용서되지 않아,World
도망치면 사살하라공안 신장 위구르 수용소 천명 자료 유출,World
젤렌스키 러 일부러 공격 늦춰 주장에 한심하다,World
나토 사무총장 푸틴의 우크라 침공 큰 전략적 실수,World
러시아 민간인 위해 일부러 공격 늦췄다는 주장에 젤렌스키 한심,World
마르코스 초대 경제 수장에 정적 아키노 시절 관료 기용,World
인도 설탕 수출도 제한식량 보호주의 무역전쟁 부를라,World
 증시 약세장에도에버코어  더 오른다,World
터키 시리아 국경에 군사 작전 실시할 것핀란드스웨덴  가입 볼모 삼아,World
영상 바이든 보란듯 함정 미일정상회담 날  열도 해협 통과 나우어스,World
고물가에 뒤집힌 여론러 제재보다 경제 우선해야,World
테슬라 주가 고점 대비 반토막올해 머스크 재산 조,World
외신들 바이든 순방 직후  미사일 발사하자 곧바로 속보 타전,World
속보 대통령 주재  미사일 중대 도발 강력규탄,World
우크라 국민  러시아에 영토 양보해선 안돼,World
 수장 유럽 올겨울 가스배급제 해야 할 수도,World
아시아 순방 효과 없네 바이든 대통령 지지율 취임후 최저,World
샤넬이 샤넬했다봉쇄에도 매출 굳건,World
필리핀 마르코스 초대 경제 수장에 정적 아키노 때 관료 기용,World
외무성 간부 바이든 대만 발언 미일간 조율된 것 아냐깜짝 놀라,World
 한일에 대한 미국 방위공약 철통  분명한 도발 용서되지 않아,World
도망치면 사살하라공안 신장 위구르 수용소 천명 자료 유출,World
젤렌스키 러 일부러 공격 늦춰 주장에 한심하다,World
나토 사무총장 푸틴의 우크라 침공 큰 전략적 실수,World
러시아 민간인 위해 일부러 공격 늦췄다는 주장에 젤렌스키 한심,World
마르코스 초대 경제 수장에 정적 아키노 시절 관료 기용,World
인도 설탕 수출도 제한식량 보호주의 무역전쟁 부를라,World
 증시 약세장에도에버코어  더 오른다,World
터키 시리아 국경에 군사 작전 실시할 것핀란드스웨덴  가입 볼모 삼아,World
영상 바이든 보란듯 함정 미일정상회담 날  열도 해협 통과 나우어스,World
고물가에 뒤집힌 여론러 제재보다 경제 우선해야,World
테슬라 주가 고점 대비 반토막올해 머스크 재산 조,World
외신들 바이든 순방 직후  미사일 발사하자 곧바로 속보 타전,World
속보 대통령 주재  미사일 중대 도발 강력규탄,World
우크라 국민  러시아에 영토 양보해선 안돼,World
 수장 유럽 올겨울 가스배급제 해야 할 수도,World
아시아 순방 효과 없네 바이든 대통령 지지율 취임후 최저,World
샤넬이 샤넬했다봉쇄에도 매출 굳건,World
필리핀 마르코스 초대 경제 수장에 정적 아키노 때 관료 기용,World
외무성 간부 바이든 대만 발언 미일간 조율된 것 아냐깜짝 놀라,World
 한일에 대한 미국 방위공약 철통  분명한 도발 용서되지 않아,World
도망치면 사살하라공안 신장 위구르 수용소 천명 자료 유출,World
젤렌스키 러 일부러 공격 늦춰 주장에 한심하다,World
나토 사무총장 푸틴의 우크라 침공 큰 전략적 실수,World
러시아 민간인 위해 일부러 공격 늦췄다는 주장에 젤렌스키 한심,World
마르코스 초대 경제 수장에 정적 아키노 시절 관료 기용,World
인도 설탕 수출도 제한식량 보호주의 무역전쟁 부를라,World
 증시 약세장에도에버코어  더 오른다,World
터키 시리아 국경에 군사 작전 실시할 것핀란드스웨덴  가입 볼모 삼아,World
영상 바이든 보란듯 함정 미일정상회담 날  열도 해협 통과 나우어스,World
고물가에 뒤집힌 여론러 제재보다 경제 우선해야,World
테슬라 주가 고점 대비 반토막올해 머스크 재산 조,World
외신들 바이든 순방 직후  미사일 발사하자 곧바로 속보 타전,World
속보 대통령 주재  미사일 중대 도발 강력규탄,World
우크라 국민  러시아에 영토 양보해선 안돼,World
 수장 유럽 올겨울 가스배급제 해야 할 수도,World
아시아 순방 효과 없네 바이든 대통령 지지율 취임후 최저,World
샤넬이 샤넬했다봉쇄에도 매출 굳건,World
필리핀 마르코스 초대 경제 수장에 정적 아키노 때 관료 기용,World
외무성 간부 바이든 대만 발언 미일간 조율된 것 아냐깜짝 놀라,World
 한일에 대한 미국 방위공약 철통  분명한 도발 용서되지 않아,World
도망치면 사살하라공안 신장 위구르 수용소 천명 자료 유출,World
젤렌스키 러 일부러 공격 늦춰 주장에 한심하다,World
나토 사무총장 푸틴의 우크라 침공 큰 전략적 실수,World
러시아 민간인 위해 일부러 공격 늦췄다는 주장에 젤렌스키 한심,World
마르코스 초대 경제 수장에 정적 아키노 시절 관료 기용,World
인도 설탕 수출도 제한식량 보호주의 무역전쟁 부를라,World
 증시 약세장에도에버코어  더 오른다,World
터키 시리아 국경에 군사 작전 실시할 것핀란드스웨덴  가입 볼모 삼아,World
영상 바이든 보란듯 함정 미일정상회담 날  열도 해협 통과 나우어스,World
고물가에 뒤집힌 여론러 제재보다 경제 우선해야,World
테슬라 주가 고점 대비 반토막올해 머스크 재산 조,World
외신들 바이든 순방 직후  미사일 발사하자 곧바로 속보 타전,World
속보 대통령 주재  미사일 중대 도발 강력규탄,World
우크라 국민  러시아에 영토 양보해선 안돼,World
 수장 유럽 올겨울 가스배급제 해야 할 수도,World
아시아 순방 효과 없네 바이든 대통령 지지율 취임후 최저,World
샤넬이 샤넬했다봉쇄에도 매출 굳건,World
필리핀 마르코스 초대 경제 수장에 정적 아키노 때 관료 기용,World
외무성 간부 바이든 대만 발언 미일간 조율된 것 아냐깜짝 놀라,World
 한일에 대한 미국 방위공약 철통  분명한 도발 용서되지 않아,World
도망치면 사살하라공안 신장 위구르 수용소 천명 자료 유출,World
젤렌스키 러 일부러 공격 늦춰 주장에 한심하다,World
나토 사무총장 푸틴의 우크라 침공 큰 전략적 실수,World
러시아 민간인 위해 일부러 공격 늦췄다는 주장에 젤렌스키 한심,World
마르코스 초대 경제 수장에 정적 아키노 시절 관료 기용,World
인도 설탕 수출도 제한식량 보호주의 무역전쟁 부를라,World
 증시 약세장에도에버코어  더 오른다,World
터키 시리아 국경에 군사 작전 실시할 것핀란드스웨덴  가입 볼모 삼아,World
영상 바이든 보란듯 함정 미일정상회담 날  열도 해협 통과 나우어스,World
고물가에 뒤집힌 여론러 제재보다 경제 우선해야,World
테슬라 주가 고점 대비 반토막올해 머스크 재산 조,World
외신들 바이든 순방 직후  미사일 발사하자 곧바로 속보 타전,World
속보 대통령 주재  미사일 중대 도발 강력규탄,World
우크라 국민  러시아에 영토 양보해선 안돼,World
 수장 유럽 올겨울 가스배급제 해야 할 수도,World
아시아 순방 효과 없네 바이든 대통령 지지율 취임후 최저,World
샤넬이 샤넬했다봉쇄에도 매출 굳건,World
필리핀 마르코스 초대 경제 수장에 정적 아키노 때 관료 기용,World
외무성 간부 바이든 대만 발언 미일간 조율된 것 아냐깜짝 놀라,World
 한일에 대한 미국 방위공약 철통  분명한 도발 용서되지 않아,World
도망치면 사살하라공안 신장 위구르 수용소 천명 자료 유출,World
젤렌스키 러 일부러 공격 늦춰 주장에 한심하다,World
나토 사무총장 푸틴의 우크라 침공 큰 전략적 실수,World
러시아 민간인 위해 일부러 공격 늦췄다는 주장에 젤렌스키 한심,World
마르코스 초대 경제 수장에 정적 아키노 시절 관료 기용,World
인도 설탕 수출도 제한식량 보호주의 무역전쟁 부를라,World
 증시 약세장에도에버코어  더 오른다,World
터키 시리아 국경에 군사 작전 실시할 것핀란드스웨덴  가입 볼모 삼아,World
영상 바이든 보란듯 함정 미일정상회담 날  열도 해협 통과 나우어스,World
고물가에 뒤집힌 여론러 제재보다 경제 우선해야,World
테슬라 주가 고점 대비 반토막올해 머스크 재산 조,World
외신들 바이든 순방 직후  미사일 발사하자 곧바로 속보 타전,World
속보 대통령 주재  미사일 중대 도발 강력규탄,World
우크라 국민  러시아에 영토 양보해선 안돼,World
 수장 유럽 올겨울 가스배급제 해야 할 수도,World
아시아 순방 효과 없네 바이든 대통령 지지율 취임후 최저,World
샤넬이 샤넬했다봉쇄에도 매출 굳건,World
필리핀 마르코스 초대 경제 수장에 정적 아키노 때 관료 기용,World
외무성 간부 바이든 대만 발언 미일간 조율된 것 아냐깜짝 놀라,World
 한일에 대한 미국 방위공약 철통  분명한 도발 용서되지 않아,World
도망치면 사살하라공안 신장 위구르 수용소 천명 자료 유출,World
젤렌스키 러 일부러 공격 늦춰 주장에 한심하다,World
나토 사무총장 푸틴의 우크라 침공 큰 전략적 실수,World
러시아 민간인 위해 일부러 공격 늦췄다는 주장에 젤렌스키 한심,World
마르코스 초대 경제 수장에 정적 아키노 시절 관료 기용,World
인도 설탕 수출도 제한식량 보호주의 무역전쟁 부를라,World
 증시 약세장에도에버코어  더 오른다,World
터키 시리아 국경에 군사 작전 실시할 것핀란드스웨덴  가입 볼모 삼아,World
영상 바이든 보란듯 함정 미일정상회담 날  열도 해협 통과 나우어스,World
고물가에 뒤집힌 여론러 제재보다 경제 우선해야,World
테슬라 주가 고점 대비 반토막올해 머스크 재산 조,World
외신들 바이든 순방 직후  미사일 발사하자 곧바로 속보 타전,World
속보 대통령 주재  미사일 중대 도발 강력규탄,World
우크라 국민  러시아에 영토 양보해선 안돼,World
 수장 유럽 올겨울 가스배급제 해야 할 수도,World
아시아 순방 효과 없네 바이든 대통령 지지율 취임후 최저,World
샤넬이 샤넬했다봉쇄에도 매출 굳건,World
필리핀 마르코스 초대 경제 수장에 정적 아키노 때 관료 기용,World
외무성 간부 바이든 대만 발언 미일간 조율된 것 아냐깜짝 놀라,World
 한일에 대한 미국 방위공약 철통  분명한 도발 용서되지 않아,World
도망치면 사살하라공안 신장 위구르 수용소 천명 자료 유출,World
젤렌스키 러 일부러 공격 늦춰 주장에 한심하다,World
나토 사무총장 푸틴의 우크라 침공 큰 전략적 실수,World
러시아 민간인 위해 일부러 공격 늦췄다는 주장에 젤렌스키 한심,World
마르코스 초대 경제 수장에 정적 아키노 시절 관료 기용,World
인도 설탕 수출도 제한식량 보호주의 무역전쟁 부를라,World
 증시 약세장에도에버코어  더 오른다,World
터키 시리아 국경에 군사 작전 실시할 것핀란드스웨덴  가입 볼모 삼아,World
영상 바이든 보란듯 함정 미일정상회담 날  열도 해협 통과 나우어스,World
고물가에 뒤집힌 여론러 제재보다 경제 우선해야,World
테슬라 주가 고점 대비 반토막올해 머스크 재산 조,World
외신들 바이든 순방 직후  미사일 발사하자 곧바로 속보 타전,World
속보 대통령 주재  미사일 중대 도발 강력규탄,World
우크라 국민  러시아에 영토 양보해선 안돼,World
 수장 유럽 올겨울 가스배급제 해야 할 수도,World
아시아 순방 효과 없네 바이든 대통령 지지율 취임후 최저,World
샤넬이 샤넬했다봉쇄에도 매출 굳건,World
필리핀 마르코스 초대 경제 수장에 정적 아키노 때 관료 기용,World
외무성 간부 바이든 대만 발언 미일간 조율된 것 아냐깜짝 놀라,World
 한일에 대한 미국 방위공약 철통  분명한 도발 용서되지 않아,World
도망치면 사살하라공안 신장 위구르 수용소 천명 자료 유출,World
젤렌스키 러 일부러 공격 늦춰 주장에 한심하다,World
나토 사무총장 푸틴의 우크라 침공 큰 전략적 실수,World
러시아 민간인 위해 일부러 공격 늦췄다는 주장에 젤렌스키 한심,World
마르코스 초대 경제 수장에 정적 아키노 시절 관료 기용,World
인도 설탕 수출도 제한식량 보호주의 무역전쟁 부를라,World
 증시 약세장에도에버코어  더 오른다,World
터키 시리아 국경에 군사 작전 실시할 것핀란드스웨덴  가입 볼모 삼아,World
영상 바이든 보란듯 함정 미일정상회담 날  열도 해협 통과 나우어스,World
고물가에 뒤집힌 여론러 제재보다 경제 우선해야,World
테슬라 주가 고점 대비 반토막올해 머스크 재산 조,World
외신들 바이든 순방 직후  미사일 발사하자 곧바로 속보 타전,World
속보 대통령 주재  미사일 중대 도발 강력규탄,World
우크라 국민  러시아에 영토 양보해선 안돼,World
 수장 유럽 올겨울 가스배급제 해야 할 수도,World
아시아 순방 효과 없네 바이든 대통령 지지율 취임후 최저,World
샤넬이 샤넬했다봉쇄에도 매출 굳건,World
필리핀 마르코스 초대 경제 수장에 정적 아키노 때 관료 기용,World
외무성 간부 바이든 대만 발언 미일간 조율된 것 아냐깜짝 놀라,World
 한일에 대한 미국 방위공약 철통  분명한 도발 용서되지 않아,World
도망치면 사살하라공안 신장 위구르 수용소 천명 자료 유출,World
젤렌스키 러 일부러 공격 늦춰 주장에 한심하다,World
나토 사무총장 푸틴의 우크라 침공 큰 전략적 실수,World
러시아 민간인 위해 일부러 공격 늦췄다는 주장에 젤렌스키 한심,World
마르코스 초대 경제 수장에 정적 아키노 시절 관료 기용,World
인도 설탕 수출도 제한식량 보호주의 무역전쟁 부를라,World
 증시 약세장에도에버코어  더 오른다,World
터키 시리아 국경에 군사 작전 실시할 것핀란드스웨덴  가입 볼모 삼아,World
영상 바이든 보란듯 함정 미일정상회담 날  열도 해협 통과 나우어스,World
고물가에 뒤집힌 여론러 제재보다 경제 우선해야,World
테슬라 주가 고점 대비 반토막올해 머스크 재산 조,World
외신들 바이든 순방 직후  미사일 발사하자 곧바로 속보 타전,World
속보 대통령 주재  미사일 중대 도발 강력규탄,World
우크라 국민  러시아에 영토 양보해선 안돼,World
 수장 유럽 올겨울 가스배급제 해야 할 수도,World
아시아 순방 효과 없네 바이든 대통령 지지율 취임후 최저,World
샤넬이 샤넬했다봉쇄에도 매출 굳건,World
필리핀 마르코스 초대 경제 수장에 정적 아키노 때 관료 기용,World
외무성 간부 바이든 대만 발언 미일간 조율된 것 아냐깜짝 놀라,World
 한일에 대한 미국 방위공약 철통  분명한 도발 용서되지 않아,World
도망치면 사살하라공안 신장 위구르 수용소 천명 자료 유출,World
젤렌스키 러 일부러 공격 늦춰 주장에 한심하다,World
나토 사무총장 푸틴의 우크라 침공 큰 전략적 실수,World
러시아 민간인 위해 일부러 공격 늦췄다는 주장에 젤렌스키 한심,World
마르코스 초대 경제 수장에 정적 아키노 시절 관료 기용,World
인도 설탕 수출도 제한식량 보호주의 무역전쟁 부를라,World
 증시 약세장에도에버코어  더 오른다,World
터키 시리아 국경에 군사 작전 실시할 것핀란드스웨덴  가입 볼모 삼아,World
영상 바이든 보란듯 함정 미일정상회담 날  열도 해협 통과 나우어스,World
고물가에 뒤집힌 여론러 제재보다 경제 우선해야,World
테슬라 주가 고점 대비 반토막올해 머스크 재산 조,World
외신들 바이든 순방 직후  미사일 발사하자 곧바로 속보 타전,World
속보 대통령 주재  미사일 중대 도발 강력규탄,World
우크라 국민  러시아에 영토 양보해선 안돼,World
 수장 유럽 올겨울 가스배급제 해야 할 수도,World
아시아 순방 효과 없네 바이든 대통령 지지율 취임후 최저,World
샤넬이 샤넬했다봉쇄에도 매출 굳건,World
필리핀 마르코스 초대 경제 수장에 정적 아키노 때 관료 기용,World
외무성 간부 바이든 대만 발언 미일간 조율된 것 아냐깜짝 놀라,World
 한일에 대한 미국 방위공약 철통  분명한 도발 용서되지 않아,World
도망치면 사살하라공안 신장 위구르 수용소 천명 자료 유출,World
젤렌스키 러 일부러 공격 늦춰 주장에 한심하다,World
나토 사무총장 푸틴의 우크라 침공 큰 전략적 실수,World
러시아 민간인 위해 일부러 공격 늦췄다는 주장에 젤렌스키 한심,World
마르코스 초대 경제 수장에 정적 아키노 시절 관료 기용,World
인도 설탕 수출도 제한식량 보호주의 무역전쟁 부를라,World
 증시 약세장에도에버코어  더 오른다,World
터키 시리아 국경에 군사 작전 실시할 것핀란드스웨덴  가입 볼모 삼아,World
영상 바이든 보란듯 함정 미일정상회담 날  열도 해협 통과 나우어스,World
고물가에 뒤집힌 여론러 제재보다 경제 우선해야,World
테슬라 주가 고점 대비 반토막올해 머스크 재산 조,World
외신들 바이든 순방 직후  미사일 발사하자 곧바로 속보 타전,World
속보 대통령 주재  미사일 중대 도발 강력규탄,World
우크라 국민  러시아에 영토 양보해선 안돼,World
 수장 유럽 올겨울 가스배급제 해야 할 수도,World
아시아 순방 효과 없네 바이든 대통령 지지율 취임후 최저,World
샤넬이 샤넬했다봉쇄에도 매출 굳건,World
필리핀 마르코스 초대 경제 수장에 정적 아키노 때 관료 기용,World
외무성 간부 바이든 대만 발언 미일간 조율된 것 아냐깜짝 놀라,World
 한일에 대한 미국 방위공약 철통  분명한 도발 용서되지 않아,World
도망치면 사살하라공안 신장 위구르 수용소 천명 자료 유출,World
젤렌스키 러 일부러 공격 늦춰 주장에 한심하다,World
나토 사무총장 푸틴의 우크라 침공 큰 전략적 실수,World
러시아 민간인 위해 일부러 공격 늦췄다는 주장에 젤렌스키 한심,World
마르코스 초대 경제 수장에 정적 아키노 시절 관료 기용,World
인도 설탕 수출도 제한식량 보호주의 무역전쟁 부를라,World
 증시 약세장에도에버코어  더 오른다,World
터키 시리아 국경에 군사 작전 실시할 것핀란드스웨덴  가입 볼모 삼아,World
영상 바이든 보란듯 함정 미일정상회담 날  열도 해협 통과 나우어스,World
고물가에 뒤집힌 여론러 제재보다 경제 우선해야,World
테슬라 주가 고점 대비 반토막올해 머스크 재산 조,World
외신들 바이든 순방 직후  미사일 발사하자 곧바로 속보 타전,World
속보 대통령 주재  미사일 중대 도발 강력규탄,World
우크라 국민  러시아에 영토 양보해선 안돼,World
 수장 유럽 올겨울 가스배급제 해야 할 수도,World
아시아 순방 효과 없네 바이든 대통령 지지율 취임후 최저,World
샤넬이 샤넬했다봉쇄에도 매출 굳건,World
필리핀 마르코스 초대 경제 수장에 정적 아키노 때 관료 기용,World
외무성 간부 바이든 대만 발언 미일간 조율된 것 아냐깜짝 놀라,World
 한일에 대한 미국 방위공약 철통  분명한 도발 용서되지 않아,World
도망치면 사살하라공안 신장 위구르 수용소 천명 자료 유출,World
젤렌스키 러 일부러 공격 늦춰 주장에 한심하다,World
나토 사무총장 푸틴의 우크라 침공 큰 전략적 실수,World
러시아 민간인 위해 일부러 공격 늦췄다는 주장에 젤렌스키 한심,World
마르코스 초대 경제 수장에 정적 아키노 시절 관료 기용,World
인도 설탕 수출도 제한식량 보호주의 무역전쟁 부를라,World
 증시 약세장에도에버코어  더 오른다,World
터키 시리아 국경에 군사 작전 실시할 것핀란드스웨덴  가입 볼모 삼아,World
영상 바이든 보란듯 함정 미일정상회담 날  열도 해협 통과 나우어스,World
고물가에 뒤집힌 여론러 제재보다 경제 우선해야,World
테슬라 주가 고점 대비 반토막올해 머스크 재산 조,World
외신들 바이든 순방 직후  미사일 발사하자 곧바로 속보 타전,World
속보 대통령 주재  미사일 중대 도발 강력규탄,World
우크라 국민  러시아에 영토 양보해선 안돼,World
 수장 유럽 올겨울 가스배급제 해야 할 수도,World
아시아 순방 효과 없네 바이든 대통령 지지율 취임후 최저,World
샤넬이 샤넬했다봉쇄에도 매출 굳건,World
필리핀 마르코스 초대 경제 수장에 정적 아키노 때 관료 기용,World
외무성 간부 바이든 대만 발언 미일간 조율된 것 아냐깜짝 놀라,World
 한일에 대한 미국 방위공약 철통  분명한 도발 용서되지 않아,World
도망치면 사살하라공안 신장 위구르 수용소 천명 자료 유출,World
젤렌스키 러 일부러 공격 늦춰 주장에 한심하다,World
나토 사무총장 푸틴의 우크라 침공 큰 전략적 실수,World
러시아 민간인 위해 일부러 공격 늦췄다는 주장에 젤렌스키 한심,World
마르코스 초대 경제 수장에 정적 아키노 시절 관료 기용,World
인도 설탕 수출도 제한식량 보호주의 무역전쟁 부를라,World
 증시 약세장에도에버코어  더 오른다,World
터키 시리아 국경에 군사 작전 실시할 것핀란드스웨덴  가입 볼모 삼아,World
영상 바이든 보란듯 함정 미일정상회담 날  열도 해협 통과 나우어스,World
고물가에 뒤집힌 여론러 제재보다 경제 우선해야,World
테슬라 주가 고점 대비 반토막올해 머스크 재산 조,World
외신들 바이든 순방 직후  미사일 발사하자 곧바로 속보 타전,World
속보 대통령 주재  미사일 중대 도발 강력규탄,World
우크라 국민  러시아에 영토 양보해선 안돼,World
 수장 유럽 올겨울 가스배급제 해야 할 수도,World
아시아 순방 효과 없네 바이든 대통령 지지율 취임후 최저,World
샤넬이 샤넬했다봉쇄에도 매출 굳건,World
필리핀 마르코스 초대 경제 수장에 정적 아키노 때 관료 기용,World
외무성 간부 바이든 대만 발언 미일간 조율된 것 아냐깜짝 놀라,World
 한일에 대한 미국 방위공약 철통  분명한 도발 용서되지 않아,World
도망치면 사살하라공안 신장 위구르 수용소 천명 자료 유출,World
젤렌스키 러 일부러 공격 늦춰 주장에 한심하다,World
나토 사무총장 푸틴의 우크라 침공 큰 전략적 실수,World
러시아 민간인 위해 일부러 공격 늦췄다는 주장에 젤렌스키 한심,World
마르코스 초대 경제 수장에 정적 아키노 시절 관료 기용,World
인도 설탕 수출도 제한식량 보호주의 무역전쟁 부를라,World
 증시 약세장에도에버코어  더 오른다,World
터키 시리아 국경에 군사 작전 실시할 것핀란드스웨덴  가입 볼모 삼아,World
영상 바이든 보란듯 함정 미일정상회담 날  열도 해협 통과 나우어스,World
고물가에 뒤집힌 여론러 제재보다 경제 우선해야,World
테슬라 주가 고점 대비 반토막올해 머스크 재산 조,World
외신들 바이든 순방 직후  미사일 발사하자 곧바로 속보 타전,World
속보 대통령 주재  미사일 중대 도발 강력규탄,World
우크라 국민  러시아에 영토 양보해선 안돼,World
 수장 유럽 올겨울 가스배급제 해야 할 수도,World
아시아 순방 효과 없네 바이든 대통령 지지율 취임후 최저,World
샤넬이 샤넬했다봉쇄에도 매출 굳건,World
필리핀 마르코스 초대 경제 수장에 정적 아키노 때 관료 기용,World
외무성 간부 바이든 대만 발언 미일간 조율된 것 아냐깜짝 놀라,World
 한일에 대한 미국 방위공약 철통  분명한 도발 용서되지 않아,World
도망치면 사살하라공안 신장 위구르 수용소 천명 자료 유출,World
젤렌스키 러 일부러 공격 늦춰 주장에 한심하다,World
나토 사무총장 푸틴의 우크라 침공 큰 전략적 실수,World
러시아 민간인 위해 일부러 공격 늦췄다는 주장에 젤렌스키 한심,World
마르코스 초대 경제 수장에 정적 아키노 시절 관료 기용,World
인도 설탕 수출도 제한식량 보호주의 무역전쟁 부를라,World
 증시 약세장에도에버코어  더 오른다,World
터키 시리아 국경에 군사 작전 실시할 것핀란드스웨덴  가입 볼모 삼아,World
영상 바이든 보란듯 함정 미일정상회담 날  열도 해협 통과 나우어스,World
고물가에 뒤집힌 여론러 제재보다 경제 우선해야,World
테슬라 주가 고점 대비 반토막올해 머스크 재산 조,World
외신들 바이든 순방 직후  미사일 발사하자 곧바로 속보 타전,World
속보 대통령 주재  미사일 중대 도발 강력규탄,World
우크라 국민  러시아에 영토 양보해선 안돼,World
 수장 유럽 올겨울 가스배급제 해야 할 수도,World
아시아 순방 효과 없네 바이든 대통령 지지율 취임후 최저,World
샤넬이 샤넬했다봉쇄에도 매출 굳건,World
필리핀 마르코스 초대 경제 수장에 정적 아키노 때 관료 기용,World
외무성 간부 바이든 대만 발언 미일간 조율된 것 아냐깜짝 놀라,World
 한일에 대한 미국 방위공약 철통  분명한 도발 용서되지 않아,World
도망치면 사살하라공안 신장 위구르 수용소 천명 자료 유출,World
젤렌스키 러 일부러 공격 늦춰 주장에 한심하다,World
나토 사무총장 푸틴의 우크라 침공 큰 전략적 실수,World
러시아 민간인 위해 일부러 공격 늦췄다는 주장에 젤렌스키 한심,World
마르코스 초대 경제 수장에 정적 아키노 시절 관료 기용,World
인도 설탕 수출도 제한식량 보호주의 무역전쟁 부를라,World
 증시 약세장에도에버코어  더 오른다,World
터키 시리아 국경에 군사 작전 실시할 것핀란드스웨덴  가입 볼모 삼아,World
영상 바이든 보란듯 함정 미일정상회담 날  열도 해협 통과 나우어스,World
고물가에 뒤집힌 여론러 제재보다 경제 우선해야,World
테슬라 주가 고점 대비 반토막올해 머스크 재산 조,World
외신들 바이든 순방 직후  미사일 발사하자 곧바로 속보 타전,World
속보 대통령 주재  미사일 중대 도발 강력규탄,World
우크라 국민  러시아에 영토 양보해선 안돼,World
 수장 유럽 올겨울 가스배급제 해야 할 수도,World
아시아 순방 효과 없네 바이든 대통령 지지율 취임후 최저,World
샤넬이 샤넬했다봉쇄에도 매출 굳건,World
필리핀 마르코스 초대 경제 수장에 정적 아키노 때 관료 기용,World
외무성 간부 바이든 대만 발언 미일간 조율된 것 아냐깜짝 놀라,World
 한일에 대한 미국 방위공약 철통  분명한 도발 용서되지 않아,World
도망치면 사살하라공안 신장 위구르 수용소 천명 자료 유출,World
젤렌스키 러 일부러 공격 늦춰 주장에 한심하다,World
나토 사무총장 푸틴의 우크라 침공 큰 전략적 실수,World
러시아 민간인 위해 일부러 공격 늦췄다는 주장에 젤렌스키 한심,World
마르코스 초대 경제 수장에 정적 아키노 시절 관료 기용,World
인도 설탕 수출도 제한식량 보호주의 무역전쟁 부를라,World
 증시 약세장에도에버코어  더 오른다,World
터키 시리아 국경에 군사 작전 실시할 것핀란드스웨덴  가입 볼모 삼아,World
영상 바이든 보란듯 함정 미일정상회담 날  열도 해협 통과 나우어스,World
고물가에 뒤집힌 여론러 제재보다 경제 우선해야,World
테슬라 주가 고점 대비 반토막올해 머스크 재산 조,World
외신들 바이든 순방 직후  미사일 발사하자 곧바로 속보 타전,World
속보 대통령 주재  미사일 중대 도발 강력규탄,World
우크라 국민  러시아에 영토 양보해선 안돼,World
 수장 유럽 올겨울 가스배급제 해야 할 수도,World
아시아 순방 효과 없네 바이든 대통령 지지율 취임후 최저,World
샤넬이 샤넬했다봉쇄에도 매출 굳건,World
필리핀 마르코스 초대 경제 수장에 정적 아키노 때 관료 기용,World
외무성 간부 바이든 대만 발언 미일간 조율된 것 아냐깜짝 놀라,World
 한일에 대한 미국 방위공약 철통  분명한 도발 용서되지 않아,World
도망치면 사살하라공안 신장 위구르 수용소 천명 자료 유출,World
젤렌스키 러 일부러 공격 늦춰 주장에 한심하다,World
나토 사무총장 푸틴의 우크라 침공 큰 전략적 실수,World
러시아 민간인 위해 일부러 공격 늦췄다는 주장에 젤렌스키 한심,World
마르코스 초대 경제 수장에 정적 아키노 시절 관료 기용,World
인도 설탕 수출도 제한식량 보호주의 무역전쟁 부를라,World
 증시 약세장에도에버코어  더 오른다,World
터키 시리아 국경에 군사 작전 실시할 것핀란드스웨덴  가입 볼모 삼아,World
영상 바이든 보란듯 함정 미일정상회담 날  열도 해협 통과 나우어스,World
고물가에 뒤집힌 여론러 제재보다 경제 우선해야,World
테슬라 주가 고점 대비 반토막올해 머스크 재산 조,World
외신들 바이든 순방 직후  미사일 발사하자 곧바로 속보 타전,World
속보 대통령 주재  미사일 중대 도발 강력규탄,World
우크라 국민  러시아에 영토 양보해선 안돼,World
 수장 유럽 올겨울 가스배급제 해야 할 수도,World
아시아 순방 효과 없네 바이든 대통령 지지율 취임후 최저,World
샤넬이 샤넬했다봉쇄에도 매출 굳건,World
필리핀 마르코스 초대 경제 수장에 정적 아키노 때 관료 기용,World
외무성 간부 바이든 대만 발언 미일간 조율된 것 아냐깜짝 놀라,World
 한일에 대한 미국 방위공약 철통  분명한 도발 용서되지 않아,World
도망치면 사살하라공안 신장 위구르 수용소 천명 자료 유출,World
젤렌스키 러 일부러 공격 늦춰 주장에 한심하다,World
나토 사무총장 푸틴의 우크라 침공 큰 전략적 실수,World
러시아 민간인 위해 일부러 공격 늦췄다는 주장에 젤렌스키 한심,World
마르코스 초대 경제 수장에 정적 아키노 시절 관료 기용,World
인도 설탕 수출도 제한식량 보호주의 무역전쟁 부를라,World
 증시 약세장에도에버코어  더 오른다,World
터키 시리아 국경에 군사 작전 실시할 것핀란드스웨덴  가입 볼모 삼아,World
영상 바이든 보란듯 함정 미일정상회담 날  열도 해협 통과 나우어스,World
고물가에 뒤집힌 여론러 제재보다 경제 우선해야,World
테슬라 주가 고점 대비 반토막올해 머스크 재산 조,World
외신들 바이든 순방 직후  미사일 발사하자 곧바로 속보 타전,World
속보 대통령 주재  미사일 중대 도발 강력규탄,World
우크라 국민  러시아에 영토 양보해선 안돼,World
 수장 유럽 올겨울 가스배급제 해야 할 수도,World
아시아 순방 효과 없네 바이든 대통령 지지율 취임후 최저,World
샤넬이 샤넬했다봉쇄에도 매출 굳건,World
필리핀 마르코스 초대 경제 수장에 정적 아키노 때 관료 기용,World
외무성 간부 바이든 대만 발언 미일간 조율된 것 아냐깜짝 놀라,World
 한일에 대한 미국 방위공약 철통  분명한 도발 용서되지 않아,World
도망치면 사살하라공안 신장 위구르 수용소 천명 자료 유출,World
젤렌스키 러 일부러 공격 늦춰 주장에 한심하다,World
나토 사무총장 푸틴의 우크라 침공 큰 전략적 실수,World
러시아 민간인 위해 일부러 공격 늦췄다는 주장에 젤렌스키 한심,World
마르코스 초대 경제 수장에 정적 아키노 시절 관료 기용,World
인도 설탕 수출도 제한식량 보호주의 무역전쟁 부를라,World
 증시 약세장에도에버코어  더 오른다,World
터키 시리아 국경에 군사 작전 실시할 것핀란드스웨덴  가입 볼모 삼아,World
영상 바이든 보란듯 함정 미일정상회담 날  열도 해협 통과 나우어스,World
고물가에 뒤집힌 여론러 제재보다 경제 우선해야,World
테슬라 주가 고점 대비 반토막올해 머스크 재산 조,World
외신들 바이든 순방 직후  미사일 발사하자 곧바로 속보 타전,World
속보 대통령 주재  미사일 중대 도발 강력규탄,World
우크라 국민  러시아에 영토 양보해선 안돼,World
 수장 유럽 올겨울 가스배급제 해야 할 수도,World
아시아 순방 효과 없네 바이든 대통령 지지율 취임후 최저,World
샤넬이 샤넬했다봉쇄에도 매출 굳건,World
필리핀 마르코스 초대 경제 수장에 정적 아키노 때 관료 기용,World
외무성 간부 바이든 대만 발언 미일간 조율된 것 아냐깜짝 놀라,World
 한일에 대한 미국 방위공약 철통  분명한 도발 용서되지 않아,World
도망치면 사살하라공안 신장 위구르 수용소 천명 자료 유출,World
젤렌스키 러 일부러 공격 늦춰 주장에 한심하다,World
나토 사무총장 푸틴의 우크라 침공 큰 전략적 실수,World
러시아 민간인 위해 일부러 공격 늦췄다는 주장에 젤렌스키 한심,World
마르코스 초대 경제 수장에 정적 아키노 시절 관료 기용,World
인도 설탕 수출도 제한식량 보호주의 무역전쟁 부를라,World
 증시 약세장에도에버코어  더 오른다,World
터키 시리아 국경에 군사 작전 실시할 것핀란드스웨덴  가입 볼모 삼아,World
영상 바이든 보란듯 함정 미일정상회담 날  열도 해협 통과 나우어스,World
고물가에 뒤집힌 여론러 제재보다 경제 우선해야,World
테슬라 주가 고점 대비 반토막올해 머스크 재산 조,World
외신들 바이든 순방 직후  미사일 발사하자 곧바로 속보 타전,World
속보 대통령 주재  미사일 중대 도발 강력규탄,World
우크라 국민  러시아에 영토 양보해선 안돼,World
 수장 유럽 올겨울 가스배급제 해야 할 수도,World
아시아 순방 효과 없네 바이든 대통령 지지율 취임후 최저,World
샤넬이 샤넬했다봉쇄에도 매출 굳건,World
필리핀 마르코스 초대 경제 수장에 정적 아키노 때 관료 기용,World
외무성 간부 바이든 대만 발언 미일간 조율된 것 아냐깜짝 놀라,World
 한일에 대한 미국 방위공약 철통  분명한 도발 용서되지 않아,World
도망치면 사살하라공안 신장 위구르 수용소 천명 자료 유출,World
젤렌스키 러 일부러 공격 늦춰 주장에 한심하다,World
나토 사무총장 푸틴의 우크라 침공 큰 전략적 실수,World
러시아 민간인 위해 일부러 공격 늦췄다는 주장에 젤렌스키 한심,World
마르코스 초대 경제 수장에 정적 아키노 시절 관료 기용,World
인도 설탕 수출도 제한식량 보호주의 무역전쟁 부를라,World
 증시 약세장에도에버코어  더 오른다,World
터키 시리아 국경에 군사 작전 실시할 것핀란드스웨덴  가입 볼모 삼아,World
영상 바이든 보란듯 함정 미일정상회담 날  열도 해협 통과 나우어스,World
고물가에 뒤집힌 여론러 제재보다 경제 우선해야,World
테슬라 주가 고점 대비 반토막올해 머스크 재산 조,World
외신들 바이든 순방 직후  미사일 발사하자 곧바로 속보 타전,World
속보 대통령 주재  미사일 중대 도발 강력규탄,World
우크라 국민  러시아에 영토 양보해선 안돼,World
 수장 유럽 올겨울 가스배급제 해야 할 수도,World
아시아 순방 효과 없네 바이든 대통령 지지율 취임후 최저,World
샤넬이 샤넬했다봉쇄에도 매출 굳건,World
필리핀 마르코스 초대 경제 수장에 정적 아키노 때 관료 기용,World
외무성 간부 바이든 대만 발언 미일간 조율된 것 아냐깜짝 놀라,World
 한일에 대한 미국 방위공약 철통  분명한 도발 용서되지 않아,World
도망치면 사살하라공안 신장 위구르 수용소 천명 자료 유출,World
젤렌스키 러 일부러 공격 늦춰 주장에 한심하다,World
나토 사무총장 푸틴의 우크라 침공 큰 전략적 실수,World
러시아 민간인 위해 일부러 공격 늦췄다는 주장에 젤렌스키 한심,World
마르코스 초대 경제 수장에 정적 아키노 시절 관료 기용,World
인도 설탕 수출도 제한식량 보호주의 무역전쟁 부를라,World
 증시 약세장에도에버코어  더 오른다,World
터키 시리아 국경에 군사 작전 실시할 것핀란드스웨덴  가입 볼모 삼아,World
영상 바이든 보란듯 함정 미일정상회담 날  열도 해협 통과 나우어스,World
고물가에 뒤집힌 여론러 제재보다 경제 우선해야,World
테슬라 주가 고점 대비 반토막올해 머스크 재산 조,World
외신들 바이든 순방 직후  미사일 발사하자 곧바로 속보 타전,World
속보 대통령 주재  미사일 중대 도발 강력규탄,World
우크라 국민  러시아에 영토 양보해선 안돼,World
 수장 유럽 올겨울 가스배급제 해야 할 수도,World
아시아 순방 효과 없네 바이든 대통령 지지율 취임후 최저,World
샤넬이 샤넬했다봉쇄에도 매출 굳건,World
필리핀 마르코스 초대 경제 수장에 정적 아키노 때 관료 기용,World
외무성 간부 바이든 대만 발언 미일간 조율된 것 아냐깜짝 놀라,World
 한일에 대한 미국 방위공약 철통  분명한 도발 용서되지 않아,World
도망치면 사살하라공안 신장 위구르 수용소 천명 자료 유출,World
젤렌스키 러 일부러 공격 늦춰 주장에 한심하다,World
나토 사무총장 푸틴의 우크라 침공 큰 전략적 실수,World
러시아 민간인 위해 일부러 공격 늦췄다는 주장에 젤렌스키 한심,World
마르코스 초대 경제 수장에 정적 아키노 시절 관료 기용,World
인도 설탕 수출도 제한식량 보호주의 무역전쟁 부를라,World
 증시 약세장에도에버코어  더 오른다,World
터키 시리아 국경에 군사 작전 실시할 것핀란드스웨덴  가입 볼모 삼아,World
영상 바이든 보란듯 함정 미일정상회담 날  열도 해협 통과 나우어스,World
고물가에 뒤집힌 여론러 제재보다 경제 우선해야,World
테슬라 주가 고점 대비 반토막올해 머스크 재산 조,World
외신들 바이든 순방 직후  미사일 발사하자 곧바로 속보 타전,World
속보 대통령 주재  미사일 중대 도발 강력규탄,World
우크라 국민  러시아에 영토 양보해선 안돼,World
 수장 유럽 올겨울 가스배급제 해야 할 수도,World
아시아 순방 효과 없네 바이든 대통령 지지율 취임후 최저,World
샤넬이 샤넬했다봉쇄에도 매출 굳건,World
필리핀 마르코스 초대 경제 수장에 정적 아키노 때 관료 기용,World
외무성 간부 바이든 대만 발언 미일간 조율된 것 아냐깜짝 놀라,World
 한일에 대한 미국 방위공약 철통  분명한 도발 용서되지 않아,World
도망치면 사살하라공안 신장 위구르 수용소 천명 자료 유출,World
젤렌스키 러 일부러 공격 늦춰 주장에 한심하다,World
나토 사무총장 푸틴의 우크라 침공 큰 전략적 실수,World
러시아 민간인 위해 일부러 공격 늦췄다는 주장에 젤렌스키 한심,World
마르코스 초대 경제 수장에 정적 아키노 시절 관료 기용,World
인도 설탕 수출도 제한식량 보호주의 무역전쟁 부를라,World
 증시 약세장에도에버코어  더 오른다,World
터키 시리아 국경에 군사 작전 실시할 것핀란드스웨덴  가입 볼모 삼아,World
영상 바이든 보란듯 함정 미일정상회담 날  열도 해협 통과 나우어스,World
고물가에 뒤집힌 여론러 제재보다 경제 우선해야,World
테슬라 주가 고점 대비 반토막올해 머스크 재산 조,World
외신들 바이든 순방 직후  미사일 발사하자 곧바로 속보 타전,World
속보 대통령 주재  미사일 중대 도발 강력규탄,World
우크라 국민  러시아에 영토 양보해선 안돼,World
 수장 유럽 올겨울 가스배급제 해야 할 수도,World
아시아 순방 효과 없네 바이든 대통령 지지율 취임후 최저,World
샤넬이 샤넬했다봉쇄에도 매출 굳건,World
필리핀 마르코스 초대 경제 수장에 정적 아키노 때 관료 기용,World
외무성 간부 바이든 대만 발언 미일간 조율된 것 아냐깜짝 놀라,World
 한일에 대한 미국 방위공약 철통  분명한 도발 용서되지 않아,World
도망치면 사살하라공안 신장 위구르 수용소 천명 자료 유출,World
젤렌스키 러 일부러 공격 늦춰 주장에 한심하다,World
나토 사무총장 푸틴의 우크라 침공 큰 전략적 실수,World
러시아 민간인 위해 일부러 공격 늦췄다는 주장에 젤렌스키 한심,World
마르코스 초대 경제 수장에 정적 아키노 시절 관료 기용,World
인도 설탕 수출도 제한식량 보호주의 무역전쟁 부를라,World
 증시 약세장에도에버코어  더 오른다,World
터키 시리아 국경에 군사 작전 실시할 것핀란드스웨덴  가입 볼모 삼아,World
영상 바이든 보란듯 함정 미일정상회담 날  열도 해협 통과 나우어스,World
고물가에 뒤집힌 여론러 제재보다 경제 우선해야,World
테슬라 주가 고점 대비 반토막올해 머스크 재산 조,World
외신들 바이든 순방 직후  미사일 발사하자 곧바로 속보 타전,World
속보 대통령 주재  미사일 중대 도발 강력규탄,World
우크라 국민  러시아에 영토 양보해선 안돼,World
 수장 유럽 올겨울 가스배급제 해야 할 수도,World
아시아 순방 효과 없네 바이든 대통령 지지율 취임후 최저,World
샤넬이 샤넬했다봉쇄에도 매출 굳건,World
필리핀 마르코스 초대 경제 수장에 정적 아키노 때 관료 기용,World
외무성 간부 바이든 대만 발언 미일간 조율된 것 아냐깜짝 놀라,World
 한일에 대한 미국 방위공약 철통  분명한 도발 용서되지 않아,World
도망치면 사살하라공안 신장 위구르 수용소 천명 자료 유출,World
젤렌스키 러 일부러 공격 늦춰 주장에 한심하다,World
나토 사무총장 푸틴의 우크라 침공 큰 전략적 실수,World
러시아 민간인 위해 일부러 공격 늦췄다는 주장에 젤렌스키 한심,World
마르코스 초대 경제 수장에 정적 아키노 시절 관료 기용,World
인도 설탕 수출도 제한식량 보호주의 무역전쟁 부를라,World
 증시 약세장에도에버코어  더 오른다,World
터키 시리아 국경에 군사 작전 실시할 것핀란드스웨덴  가입 볼모 삼아,World
영상 바이든 보란듯 함정 미일정상회담 날  열도 해협 통과 나우어스,World
고물가에 뒤집힌 여론러 제재보다 경제 우선해야,World
테슬라 주가 고점 대비 반토막올해 머스크 재산 조,World
외신들 바이든 순방 직후  미사일 발사하자 곧바로 속보 타전,World
속보 대통령 주재  미사일 중대 도발 강력규탄,World
우크라 국민  러시아에 영토 양보해선 안돼,World
 수장 유럽 올겨울 가스배급제 해야 할 수도,World
아시아 순방 효과 없네 바이든 대통령 지지율 취임후 최저,World
샤넬이 샤넬했다봉쇄에도 매출 굳건,World
필리핀 마르코스 초대 경제 수장에 정적 아키노 때 관료 기용,World
외무성 간부 바이든 대만 발언 미일간 조율된 것 아냐깜짝 놀라,World
 한일에 대한 미국 방위공약 철통  분명한 도발 용서되지 않아,World
도망치면 사살하라공안 신장 위구르 수용소 천명 자료 유출,World
젤렌스키 러 일부러 공격 늦춰 주장에 한심하다,World
나토 사무총장 푸틴의 우크라 침공 큰 전략적 실수,World
러시아 민간인 위해 일부러 공격 늦췄다는 주장에 젤렌스키 한심,World
마르코스 초대 경제 수장에 정적 아키노 시절 관료 기용,World
인도 설탕 수출도 제한식량 보호주의 무역전쟁 부를라,World
 증시 약세장에도에버코어  더 오른다,World
터키 시리아 국경에 군사 작전 실시할 것핀란드스웨덴  가입 볼모 삼아,World
영상 바이든 보란듯 함정 미일정상회담 날  열도 해협 통과 나우어스,World
고물가에 뒤집힌 여론러 제재보다 경제 우선해야,World
테슬라 주가 고점 대비 반토막올해 머스크 재산 조,World
외신들 바이든 순방 직후  미사일 발사하자 곧바로 속보 타전,World
속보 대통령 주재  미사일 중대 도발 강력규탄,World
우크라 국민  러시아에 영토 양보해선 안돼,World
 수장 유럽 올겨울 가스배급제 해야 할 수도,World
아시아 순방 효과 없네 바이든 대통령 지지율 취임후 최저,World
샤넬이 샤넬했다봉쇄에도 매출 굳건,World
필리핀 마르코스 초대 경제 수장에 정적 아키노 때 관료 기용,World
외무성 간부 바이든 대만 발언 미일간 조율된 것 아냐깜짝 놀라,World
 한일에 대한 미국 방위공약 철통  분명한 도발 용서되지 않아,World
도망치면 사살하라공안 신장 위구르 수용소 천명 자료 유출,World
젤렌스키 러 일부러 공격 늦춰 주장에 한심하다,World
나토 사무총장 푸틴의 우크라 침공 큰 전략적 실수,World
러시아 민간인 위해 일부러 공격 늦췄다는 주장에 젤렌스키 한심,World
마르코스 초대 경제 수장에 정적 아키노 시절 관료 기용,World
인도 설탕 수출도 제한식량 보호주의 무역전쟁 부를라,World
 증시 약세장에도에버코어  더 오른다,World
터키 시리아 국경에 군사 작전 실시할 것핀란드스웨덴  가입 볼모 삼아,World
영상 바이든 보란듯 함정 미일정상회담 날  열도 해협 통과 나우어스,World
고물가에 뒤집힌 여론러 제재보다 경제 우선해야,World
테슬라 주가 고점 대비 반토막올해 머스크 재산 조,World
외신들 바이든 순방 직후  미사일 발사하자 곧바로 속보 타전,World
속보 대통령 주재  미사일 중대 도발 강력규탄,World
우크라 국민  러시아에 영토 양보해선 안돼,World
 수장 유럽 올겨울 가스배급제 해야 할 수도,World
아시아 순방 효과 없네 바이든 대통령 지지율 취임후 최저,World
샤넬이 샤넬했다봉쇄에도 매출 굳건,World
필리핀 마르코스 초대 경제 수장에 정적 아키노 때 관료 기용,World
외무성 간부 바이든 대만 발언 미일간 조율된 것 아냐깜짝 놀라,World
 한일에 대한 미국 방위공약 철통  분명한 도발 용서되지 않아,World
도망치면 사살하라공안 신장 위구르 수용소 천명 자료 유출,World
젤렌스키 러 일부러 공격 늦춰 주장에 한심하다,World
나토 사무총장 푸틴의 우크라 침공 큰 전략적 실수,World
러시아 민간인 위해 일부러 공격 늦췄다는 주장에 젤렌스키 한심,World
마르코스 초대 경제 수장에 정적 아키노 시절 관료 기용,World
인도 설탕 수출도 제한식량 보호주의 무역전쟁 부를라,World
 증시 약세장에도에버코어  더 오른다,World
터키 시리아 국경에 군사 작전 실시할 것핀란드스웨덴  가입 볼모 삼아,World
영상 바이든 보란듯 함정 미일정상회담 날  열도 해협 통과 나우어스,World
고물가에 뒤집힌 여론러 제재보다 경제 우선해야,World
테슬라 주가 고점 대비 반토막올해 머스크 재산 조,World
외신들 바이든 순방 직후  미사일 발사하자 곧바로 속보 타전,World
속보 대통령 주재  미사일 중대 도발 강력규탄,World
우크라 국민  러시아에 영토 양보해선 안돼,World
 수장 유럽 올겨울 가스배급제 해야 할 수도,World
아시아 순방 효과 없네 바이든 대통령 지지율 취임후 최저,World
샤넬이 샤넬했다봉쇄에도 매출 굳건,World
필리핀 마르코스 초대 경제 수장에 정적 아키노 때 관료 기용,World
외무성 간부 바이든 대만 발언 미일간 조율된 것 아냐깜짝 놀라,World
 한일에 대한 미국 방위공약 철통  분명한 도발 용서되지 않아,World
도망치면 사살하라공안 신장 위구르 수용소 천명 자료 유출,World
젤렌스키 러 일부러 공격 늦춰 주장에 한심하다,World
나토 사무총장 푸틴의 우크라 침공 큰 전략적 실수,World
러시아 민간인 위해 일부러 공격 늦췄다는 주장에 젤렌스키 한심,World
마르코스 초대 경제 수장에 정적 아키노 시절 관료 기용,World
인도 설탕 수출도 제한식량 보호주의 무역전쟁 부를라,World
 증시 약세장에도에버코어  더 오른다,World
터키 시리아 국경에 군사 작전 실시할 것핀란드스웨덴  가입 볼모 삼아,World
영상 바이든 보란듯 함정 미일정상회담 날  열도 해협 통과 나우어스,World
고물가에 뒤집힌 여론러 제재보다 경제 우선해야,World
테슬라 주가 고점 대비 반토막올해 머스크 재산 조,World
외신들 바이든 순방 직후  미사일 발사하자 곧바로 속보 타전,World
속보 대통령 주재  미사일 중대 도발 강력규탄,World
우크라 국민  러시아에 영토 양보해선 안돼,World
 수장 유럽 올겨울 가스배급제 해야 할 수도,World
아시아 순방 효과 없네 바이든 대통령 지지율 취임후 최저,World
샤넬이 샤넬했다봉쇄에도 매출 굳건,World
필리핀 마르코스 초대 경제 수장에 정적 아키노 때 관료 기용,World
외무성 간부 바이든 대만 발언 미일간 조율된 것 아냐깜짝 놀라,World
 한일에 대한 미국 방위공약 철통  분명한 도발 용서되지 않아,World
도망치면 사살하라공안 신장 위구르 수용소 천명 자료 유출,World
젤렌스키 러 일부러 공격 늦춰 주장에 한심하다,World
나토 사무총장 푸틴의 우크라 침공 큰 전략적 실수,World
러시아 민간인 위해 일부러 공격 늦췄다는 주장에 젤렌스키 한심,World
마르코스 초대 경제 수장에 정적 아키노 시절 관료 기용,World
인도 설탕 수출도 제한식량 보호주의 무역전쟁 부를라,World
 증시 약세장에도에버코어  더 오른다,World
터키 시리아 국경에 군사 작전 실시할 것핀란드스웨덴  가입 볼모 삼아,World
영상 바이든 보란듯 함정 미일정상회담 날  열도 해협 통과 나우어스,World
고물가에 뒤집힌 여론러 제재보다 경제 우선해야,World
테슬라 주가 고점 대비 반토막올해 머스크 재산 조,World
외신들 바이든 순방 직후  미사일 발사하자 곧바로 속보 타전,World
속보 대통령 주재  미사일 중대 도발 강력규탄,World
우크라 국민  러시아에 영토 양보해선 안돼,World
 수장 유럽 올겨울 가스배급제 해야 할 수도,World
아시아 순방 효과 없네 바이든 대통령 지지율 취임후 최저,World
샤넬이 샤넬했다봉쇄에도 매출 굳건,World
필리핀 마르코스 초대 경제 수장에 정적 아키노 때 관료 기용,World
외무성 간부 바이든 대만 발언 미일간 조율된 것 아냐깜짝 놀라,World
 한일에 대한 미국 방위공약 철통  분명한 도발 용서되지 않아,World
도망치면 사살하라공안 신장 위구르 수용소 천명 자료 유출,World
젤렌스키 러 일부러 공격 늦춰 주장에 한심하다,World
나토 사무총장 푸틴의 우크라 침공 큰 전략적 실수,World
러시아 민간인 위해 일부러 공격 늦췄다는 주장에 젤렌스키 한심,World
마르코스 초대 경제 수장에 정적 아키노 시절 관료 기용,World
인도 설탕 수출도 제한식량 보호주의 무역전쟁 부를라,World
 증시 약세장에도에버코어  더 오른다,World
터키 시리아 국경에 군사 작전 실시할 것핀란드스웨덴  가입 볼모 삼아,World
영상 바이든 보란듯 함정 미일정상회담 날  열도 해협 통과 나우어스,World
고물가에 뒤집힌 여론러 제재보다 경제 우선해야,World
테슬라 주가 고점 대비 반토막올해 머스크 재산 조,World
외신들 바이든 순방 직후  미사일 발사하자 곧바로 속보 타전,World
속보 대통령 주재  미사일 중대 도발 강력규탄,World
우크라 국민  러시아에 영토 양보해선 안돼,World
 수장 유럽 올겨울 가스배급제 해야 할 수도,World
아시아 순방 효과 없네 바이든 대통령 지지율 취임후 최저,World
샤넬이 샤넬했다봉쇄에도 매출 굳건,World
필리핀 마르코스 초대 경제 수장에 정적 아키노 때 관료 기용,World
외무성 간부 바이든 대만 발언 미일간 조율된 것 아냐깜짝 놀라,World
 한일에 대한 미국 방위공약 철통  분명한 도발 용서되지 않아,World
도망치면 사살하라공안 신장 위구르 수용소 천명 자료 유출,World
젤렌스키 러 일부러 공격 늦춰 주장에 한심하다,World
나토 사무총장 푸틴의 우크라 침공 큰 전략적 실수,World
러시아 민간인 위해 일부러 공격 늦췄다는 주장에 젤렌스키 한심,World
마르코스 초대 경제 수장에 정적 아키노 시절 관료 기용,World
인도 설탕 수출도 제한식량 보호주의 무역전쟁 부를라,World
 증시 약세장에도에버코어  더 오른다,World
터키 시리아 국경에 군사 작전 실시할 것핀란드스웨덴  가입 볼모 삼아,World
영상 바이든 보란듯 함정 미일정상회담 날  열도 해협 통과 나우어스,World
고물가에 뒤집힌 여론러 제재보다 경제 우선해야,World
테슬라 주가 고점 대비 반토막올해 머스크 재산 조,World
외신들 바이든 순방 직후  미사일 발사하자 곧바로 속보 타전,World
속보 대통령 주재  미사일 중대 도발 강력규탄,World
우크라 국민  러시아에 영토 양보해선 안돼,World
 수장 유럽 올겨울 가스배급제 해야 할 수도,World
아시아 순방 효과 없네 바이든 대통령 지지율 취임후 최저,World
샤넬이 샤넬했다봉쇄에도 매출 굳건,World
필리핀 마르코스 초대 경제 수장에 정적 아키노 때 관료 기용,World
외무성 간부 바이든 대만 발언 미일간 조율된 것 아냐깜짝 놀라,World
 한일에 대한 미국 방위공약 철통  분명한 도발 용서되지 않아,World
도망치면 사살하라공안 신장 위구르 수용소 천명 자료 유출,World
젤렌스키 러 일부러 공격 늦춰 주장에 한심하다,World
나토 사무총장 푸틴의 우크라 침공 큰 전략적 실수,World
러시아 민간인 위해 일부러 공격 늦췄다는 주장에 젤렌스키 한심,World
마르코스 초대 경제 수장에 정적 아키노 시절 관료 기용,World
인도 설탕 수출도 제한식량 보호주의 무역전쟁 부를라,World
 증시 약세장에도에버코어  더 오른다,World
터키 시리아 국경에 군사 작전 실시할 것핀란드스웨덴  가입 볼모 삼아,World
영상 바이든 보란듯 함정 미일정상회담 날  열도 해협 통과 나우어스,World
고물가에 뒤집힌 여론러 제재보다 경제 우선해야,World
테슬라 주가 고점 대비 반토막올해 머스크 재산 조,World
외신들 바이든 순방 직후  미사일 발사하자 곧바로 속보 타전,World
속보 대통령 주재  미사일 중대 도발 강력규탄,World
우크라 국민  러시아에 영토 양보해선 안돼,World
 수장 유럽 올겨울 가스배급제 해야 할 수도,World
아시아 순방 효과 없네 바이든 대통령 지지율 취임후 최저,World
샤넬이 샤넬했다봉쇄에도 매출 굳건,World
필리핀 마르코스 초대 경제 수장에 정적 아키노 때 관료 기용,World
외무성 간부 바이든 대만 발언 미일간 조율된 것 아냐깜짝 놀라,World
 한일에 대한 미국 방위공약 철통  분명한 도발 용서되지 않아,World
도망치면 사살하라공안 신장 위구르 수용소 천명 자료 유출,World
젤렌스키 러 일부러 공격 늦춰 주장에 한심하다,World
나토 사무총장 푸틴의 우크라 침공 큰 전략적 실수,World
러시아 민간인 위해 일부러 공격 늦췄다는 주장에 젤렌스키 한심,World
마르코스 초대 경제 수장에 정적 아키노 시절 관료 기용,World
인도 설탕 수출도 제한식량 보호주의 무역전쟁 부를라,World
 증시 약세장에도에버코어  더 오른다,World
터키 시리아 국경에 군사 작전 실시할 것핀란드스웨덴  가입 볼모 삼아,World
영상 바이든 보란듯 함정 미일정상회담 날  열도 해협 통과 나우어스,World
고물가에 뒤집힌 여론러 제재보다 경제 우선해야,World
테슬라 주가 고점 대비 반토막올해 머스크 재산 조,World
외신들 바이든 순방 직후  미사일 발사하자 곧바로 속보 타전,World
속보 대통령 주재  미사일 중대 도발 강력규탄,World
우크라 국민  러시아에 영토 양보해선 안돼,World
 수장 유럽 올겨울 가스배급제 해야 할 수도,World
아시아 순방 효과 없네 바이든 대통령 지지율 취임후 최저,World
샤넬이 샤넬했다봉쇄에도 매출 굳건,World
필리핀 마르코스 초대 경제 수장에 정적 아키노 때 관료 기용,World
외무성 간부 바이든 대만 발언 미일간 조율된 것 아냐깜짝 놀라,World
 한일에 대한 미국 방위공약 철통  분명한 도발 용서되지 않아,World
도망치면 사살하라공안 신장 위구르 수용소 천명 자료 유출,World
젤렌스키 러 일부러 공격 늦춰 주장에 한심하다,World
나토 사무총장 푸틴의 우크라 침공 큰 전략적 실수,World
러시아 민간인 위해 일부러 공격 늦췄다는 주장에 젤렌스키 한심,World
마르코스 초대 경제 수장에 정적 아키노 시절 관료 기용,World
인도 설탕 수출도 제한식량 보호주의 무역전쟁 부를라,World
 증시 약세장에도에버코어  더 오른다,World
터키 시리아 국경에 군사 작전 실시할 것핀란드스웨덴  가입 볼모 삼아,World
영상 바이든 보란듯 함정 미일정상회담 날  열도 해협 통과 나우어스,World
고물가에 뒤집힌 여론러 제재보다 경제 우선해야,World
테슬라 주가 고점 대비 반토막올해 머스크 재산 조,World
외신들 바이든 순방 직후  미사일 발사하자 곧바로 속보 타전,World
속보 대통령 주재  미사일 중대 도발 강력규탄,World
우크라 국민  러시아에 영토 양보해선 안돼,World
 수장 유럽 올겨울 가스배급제 해야 할 수도,World
아시아 순방 효과 없네 바이든 대통령 지지율 취임후 최저,World
샤넬이 샤넬했다봉쇄에도 매출 굳건,World
필리핀 마르코스 초대 경제 수장에 정적 아키노 때 관료 기용,World
외무성 간부 바이든 대만 발언 미일간 조율된 것 아냐깜짝 놀라,World
 한일에 대한 미국 방위공약 철통  분명한 도발 용서되지 않아,World
도망치면 사살하라공안 신장 위구르 수용소 천명 자료 유출,World
젤렌스키 러 일부러 공격 늦춰 주장에 한심하다,World
나토 사무총장 푸틴의 우크라 침공 큰 전략적 실수,World
러시아 민간인 위해 일부러 공격 늦췄다는 주장에 젤렌스키 한심,World
마르코스 초대 경제 수장에 정적 아키노 시절 관료 기용,World
인도 설탕 수출도 제한식량 보호주의 무역전쟁 부를라,World
 증시 약세장에도에버코어  더 오른다,World
터키 시리아 국경에 군사 작전 실시할 것핀란드스웨덴  가입 볼모 삼아,World
영상 바이든 보란듯 함정 미일정상회담 날  열도 해협 통과 나우어스,World
고물가에 뒤집힌 여론러 제재보다 경제 우선해야,World
테슬라 주가 고점 대비 반토막올해 머스크 재산 조,World
외신들 바이든 순방 직후  미사일 발사하자 곧바로 속보 타전,World
속보 대통령 주재  미사일 중대 도발 강력규탄,World
우크라 국민  러시아에 영토 양보해선 안돼,World
 수장 유럽 올겨울 가스배급제 해야 할 수도,World
아시아 순방 효과 없네 바이든 대통령 지지율 취임후 최저,World
샤넬이 샤넬했다봉쇄에도 매출 굳건,World
필리핀 마르코스 초대 경제 수장에 정적 아키노 때 관료 기용,World
외무성 간부 바이든 대만 발언 미일간 조율된 것 아냐깜짝 놀라,World
 한일에 대한 미국 방위공약 철통  분명한 도발 용서되지 않아,World
도망치면 사살하라공안 신장 위구르 수용소 천명 자료 유출,World
젤렌스키 러 일부러 공격 늦춰 주장에 한심하다,World
나토 사무총장 푸틴의 우크라 침공 큰 전략적 실수,World
러시아 민간인 위해 일부러 공격 늦췄다는 주장에 젤렌스키 한심,World
마르코스 초대 경제 수장에 정적 아키노 시절 관료 기용,World
인도 설탕 수출도 제한식량 보호주의 무역전쟁 부를라,World
 증시 약세장에도에버코어  더 오른다,World
터키 시리아 국경에 군사 작전 실시할 것핀란드스웨덴  가입 볼모 삼아,World
영상 바이든 보란듯 함정 미일정상회담 날  열도 해협 통과 나우어스,World
고물가에 뒤집힌 여론러 제재보다 경제 우선해야,World
테슬라 주가 고점 대비 반토막올해 머스크 재산 조,World
외신들 바이든 순방 직후  미사일 발사하자 곧바로 속보 타전,World
속보 대통령 주재  미사일 중대 도발 강력규탄,World
우크라 국민  러시아에 영토 양보해선 안돼,World
 수장 유럽 올겨울 가스배급제 해야 할 수도,World
아시아 순방 효과 없네 바이든 대통령 지지율 취임후 최저,World
샤넬이 샤넬했다봉쇄에도 매출 굳건,World
필리핀 마르코스 초대 경제 수장에 정적 아키노 때 관료 기용,World
외무성 간부 바이든 대만 발언 미일간 조율된 것 아냐깜짝 놀라,World
 한일에 대한 미국 방위공약 철통  분명한 도발 용서되지 않아,World
도망치면 사살하라공안 신장 위구르 수용소 천명 자료 유출,World
젤렌스키 러 일부러 공격 늦춰 주장에 한심하다,World
나토 사무총장 푸틴의 우크라 침공 큰 전략적 실수,World
러시아 민간인 위해 일부러 공격 늦췄다는 주장에 젤렌스키 한심,World
마르코스 초대 경제 수장에 정적 아키노 시절 관료 기용,World
인도 설탕 수출도 제한식량 보호주의 무역전쟁 부를라,World
 증시 약세장에도에버코어  더 오른다,World
터키 시리아 국경에 군사 작전 실시할 것핀란드스웨덴  가입 볼모 삼아,World
영상 바이든 보란듯 함정 미일정상회담 날  열도 해협 통과 나우어스,World
고물가에 뒤집힌 여론러 제재보다 경제 우선해야,World
테슬라 주가 고점 대비 반토막올해 머스크 재산 조,World
외신들 바이든 순방 직후  미사일 발사하자 곧바로 속보 타전,World
속보 대통령 주재  미사일 중대 도발 강력규탄,World
우크라 국민  러시아에 영토 양보해선 안돼,World
 수장 유럽 올겨울 가스배급제 해야 할 수도,World
아시아 순방 효과 없네 바이든 대통령 지지율 취임후 최저,World
샤넬이 샤넬했다봉쇄에도 매출 굳건,World
필리핀 마르코스 초대 경제 수장에 정적 아키노 때 관료 기용,World
외무성 간부 바이든 대만 발언 미일간 조율된 것 아냐깜짝 놀라,World
 한일에 대한 미국 방위공약 철통  분명한 도발 용서되지 않아,World
도망치면 사살하라공안 신장 위구르 수용소 천명 자료 유출,World
젤렌스키 러 일부러 공격 늦춰 주장에 한심하다,World
나토 사무총장 푸틴의 우크라 침공 큰 전략적 실수,World
러시아 민간인 위해 일부러 공격 늦췄다는 주장에 젤렌스키 한심,World
마르코스 초대 경제 수장에 정적 아키노 시절 관료 기용,World
인도 설탕 수출도 제한식량 보호주의 무역전쟁 부를라,World
 증시 약세장에도에버코어  더 오른다,World
터키 시리아 국경에 군사 작전 실시할 것핀란드스웨덴  가입 볼모 삼아,World
영상 바이든 보란듯 함정 미일정상회담 날  열도 해협 통과 나우어스,World
고물가에 뒤집힌 여론러 제재보다 경제 우선해야,World
테슬라 주가 고점 대비 반토막올해 머스크 재산 조,World
외신들 바이든 순방 직후  미사일 발사하자 곧바로 속보 타전,World
속보 대통령 주재  미사일 중대 도발 강력규탄,World
우크라 국민  러시아에 영토 양보해선 안돼,World
 수장 유럽 올겨울 가스배급제 해야 할 수도,World
아시아 순방 효과 없네 바이든 대통령 지지율 취임후 최저,World
샤넬이 샤넬했다봉쇄에도 매출 굳건,World
필리핀 마르코스 초대 경제 수장에 정적 아키노 때 관료 기용,World
외무성 간부 바이든 대만 발언 미일간 조율된 것 아냐깜짝 놀라,World
 한일에 대한 미국 방위공약 철통  분명한 도발 용서되지 않아,World
도망치면 사살하라공안 신장 위구르 수용소 천명 자료 유출,World
젤렌스키 러 일부러 공격 늦춰 주장에 한심하다,World
나토 사무총장 푸틴의 우크라 침공 큰 전략적 실수,World
러시아 민간인 위해 일부러 공격 늦췄다는 주장에 젤렌스키 한심,World
마르코스 초대 경제 수장에 정적 아키노 시절 관료 기용,World
인도 설탕 수출도 제한식량 보호주의 무역전쟁 부를라,World
 증시 약세장에도에버코어  더 오른다,World
터키 시리아 국경에 군사 작전 실시할 것핀란드스웨덴  가입 볼모 삼아,World
영상 바이든 보란듯 함정 미일정상회담 날  열도 해협 통과 나우어스,World
고물가에 뒤집힌 여론러 제재보다 경제 우선해야,World
테슬라 주가 고점 대비 반토막올해 머스크 재산 조,World
외신들 바이든 순방 직후  미사일 발사하자 곧바로 속보 타전,World
속보 대통령 주재  미사일 중대 도발 강력규탄,World
우크라 국민  러시아에 영토 양보해선 안돼,World
 수장 유럽 올겨울 가스배급제 해야 할 수도,World
아시아 순방 효과 없네 바이든 대통령 지지율 취임후 최저,World
샤넬이 샤넬했다봉쇄에도 매출 굳건,World
필리핀 마르코스 초대 경제 수장에 정적 아키노 때 관료 기용,World
외무성 간부 바이든 대만 발언 미일간 조율된 것 아냐깜짝 놀라,World
 한일에 대한 미국 방위공약 철통  분명한 도발 용서되지 않아,World
도망치면 사살하라공안 신장 위구르 수용소 천명 자료 유출,World
젤렌스키 러 일부러 공격 늦춰 주장에 한심하다,World
나토 사무총장 푸틴의 우크라 침공 큰 전략적 실수,World
러시아 민간인 위해 일부러 공격 늦췄다는 주장에 젤렌스키 한심,World
마르코스 초대 경제 수장에 정적 아키노 시절 관료 기용,World
인도 설탕 수출도 제한식량 보호주의 무역전쟁 부를라,World
 증시 약세장에도에버코어  더 오른다,World
터키 시리아 국경에 군사 작전 실시할 것핀란드스웨덴  가입 볼모 삼아,World
영상 바이든 보란듯 함정 미일정상회담 날  열도 해협 통과 나우어스,World
고물가에 뒤집힌 여론러 제재보다 경제 우선해야,World
테슬라 주가 고점 대비 반토막올해 머스크 재산 조,World
외신들 바이든 순방 직후  미사일 발사하자 곧바로 속보 타전,World
속보 대통령 주재  미사일 중대 도발 강력규탄,World
우크라 국민  러시아에 영토 양보해선 안돼,World
 수장 유럽 올겨울 가스배급제 해야 할 수도,World
아시아 순방 효과 없네 바이든 대통령 지지율 취임후 최저,World
샤넬이 샤넬했다봉쇄에도 매출 굳건,World
필리핀 마르코스 초대 경제 수장에 정적 아키노 때 관료 기용,World
외무성 간부 바이든 대만 발언 미일간 조율된 것 아냐깜짝 놀라,World
 한일에 대한 미국 방위공약 철통  분명한 도발 용서되지 않아,World
도망치면 사살하라공안 신장 위구르 수용소 천명 자료 유출,World
젤렌스키 러 일부러 공격 늦춰 주장에 한심하다,World
나토 사무총장 푸틴의 우크라 침공 큰 전략적 실수,World
러시아 민간인 위해 일부러 공격 늦췄다는 주장에 젤렌스키 한심,World
마르코스 초대 경제 수장에 정적 아키노 시절 관료 기용,World
인도 설탕 수출도 제한식량 보호주의 무역전쟁 부를라,World
 증시 약세장에도에버코어  더 오른다,World
터키 시리아 국경에 군사 작전 실시할 것핀란드스웨덴  가입 볼모 삼아,World
영상 바이든 보란듯 함정 미일정상회담 날  열도 해협 통과 나우어스,World
고물가에 뒤집힌 여론러 제재보다 경제 우선해야,World
테슬라 주가 고점 대비 반토막올해 머스크 재산 조,World
외신들 바이든 순방 직후  미사일 발사하자 곧바로 속보 타전,World
속보 대통령 주재  미사일 중대 도발 강력규탄,World
우크라 국민  러시아에 영토 양보해선 안돼,World
 수장 유럽 올겨울 가스배급제 해야 할 수도,World
아시아 순방 효과 없네 바이든 대통령 지지율 취임후 최저,World
샤넬이 샤넬했다봉쇄에도 매출 굳건,World
필리핀 마르코스 초대 경제 수장에 정적 아키노 때 관료 기용,World
외무성 간부 바이든 대만 발언 미일간 조율된 것 아냐깜짝 놀라,World
 한일에 대한 미국 방위공약 철통  분명한 도발 용서되지 않아,World
도망치면 사살하라공안 신장 위구르 수용소 천명 자료 유출,World
젤렌스키 러 일부러 공격 늦춰 주장에 한심하다,World
나토 사무총장 푸틴의 우크라 침공 큰 전략적 실수,World
러시아 민간인 위해 일부러 공격 늦췄다는 주장에 젤렌스키 한심,World
마르코스 초대 경제 수장에 정적 아키노 시절 관료 기용,World
인도 설탕 수출도 제한식량 보호주의 무역전쟁 부를라,World
 증시 약세장에도에버코어  더 오른다,World
터키 시리아 국경에 군사 작전 실시할 것핀란드스웨덴  가입 볼모 삼아,World
영상 바이든 보란듯 함정 미일정상회담 날  열도 해협 통과 나우어스,World
고물가에 뒤집힌 여론러 제재보다 경제 우선해야,World
테슬라 주가 고점 대비 반토막올해 머스크 재산 조,World
외신들 바이든 순방 직후  미사일 발사하자 곧바로 속보 타전,World
속보 대통령 주재  미사일 중대 도발 강력규탄,World
우크라 국민  러시아에 영토 양보해선 안돼,World
 수장 유럽 올겨울 가스배급제 해야 할 수도,World
아시아 순방 효과 없네 바이든 대통령 지지율 취임후 최저,World
샤넬이 샤넬했다봉쇄에도 매출 굳건,World
필리핀 마르코스 초대 경제 수장에 정적 아키노 때 관료 기용,World
외무성 간부 바이든 대만 발언 미일간 조율된 것 아냐깜짝 놀라,World
 한일에 대한 미국 방위공약 철통  분명한 도발 용서되지 않아,World
도망치면 사살하라공안 신장 위구르 수용소 천명 자료 유출,World
젤렌스키 러 일부러 공격 늦춰 주장에 한심하다,World
나토 사무총장 푸틴의 우크라 침공 큰 전략적 실수,World
러시아 민간인 위해 일부러 공격 늦췄다는 주장에 젤렌스키 한심,World
마르코스 초대 경제 수장에 정적 아키노 시절 관료 기용,World
인도 설탕 수출도 제한식량 보호주의 무역전쟁 부를라,World
 증시 약세장에도에버코어  더 오른다,World
터키 시리아 국경에 군사 작전 실시할 것핀란드스웨덴  가입 볼모 삼아,World
영상 바이든 보란듯 함정 미일정상회담 날  열도 해협 통과 나우어스,World
고물가에 뒤집힌 여론러 제재보다 경제 우선해야,World
테슬라 주가 고점 대비 반토막올해 머스크 재산 조,World
외신들 바이든 순방 직후  미사일 발사하자 곧바로 속보 타전,World
속보 대통령 주재  미사일 중대 도발 강력규탄,World
우크라 국민  러시아에 영토 양보해선 안돼,World
 수장 유럽 올겨울 가스배급제 해야 할 수도,World
아시아 순방 효과 없네 바이든 대통령 지지율 취임후 최저,World
샤넬이 샤넬했다봉쇄에도 매출 굳건,World
필리핀 마르코스 초대 경제 수장에 정적 아키노 때 관료 기용,World
외무성 간부 바이든 대만 발언 미일간 조율된 것 아냐깜짝 놀라,World
 한일에 대한 미국 방위공약 철통  분명한 도발 용서되지 않아,World
도망치면 사살하라공안 신장 위구르 수용소 천명 자료 유출,World
젤렌스키 러 일부러 공격 늦춰 주장에 한심하다,World
나토 사무총장 푸틴의 우크라 침공 큰 전략적 실수,World
러시아 민간인 위해 일부러 공격 늦췄다는 주장에 젤렌스키 한심,World
마르코스 초대 경제 수장에 정적 아키노 시절 관료 기용,World
인도 설탕 수출도 제한식량 보호주의 무역전쟁 부를라,World
 증시 약세장에도에버코어  더 오른다,World
터키 시리아 국경에 군사 작전 실시할 것핀란드스웨덴  가입 볼모 삼아,World
영상 바이든 보란듯 함정 미일정상회담 날  열도 해협 통과 나우어스,World
고물가에 뒤집힌 여론러 제재보다 경제 우선해야,World
테슬라 주가 고점 대비 반토막올해 머스크 재산 조,World
외신들 바이든 순방 직후  미사일 발사하자 곧바로 속보 타전,World
속보 대통령 주재  미사일 중대 도발 강력규탄,World
우크라 국민  러시아에 영토 양보해선 안돼,World
 수장 유럽 올겨울 가스배급제 해야 할 수도,World
아시아 순방 효과 없네 바이든 대통령 지지율 취임후 최저,World
샤넬이 샤넬했다봉쇄에도 매출 굳건,World
필리핀 마르코스 초대 경제 수장에 정적 아키노 때 관료 기용,World
외무성 간부 바이든 대만 발언 미일간 조율된 것 아냐깜짝 놀라,World
 한일에 대한 미국 방위공약 철통  분명한 도발 용서되지 않아,World
도망치면 사살하라공안 신장 위구르 수용소 천명 자료 유출,World
젤렌스키 러 일부러 공격 늦춰 주장에 한심하다,World
나토 사무총장 푸틴의 우크라 침공 큰 전략적 실수,World
러시아 민간인 위해 일부러 공격 늦췄다는 주장에 젤렌스키 한심,World
마르코스 초대 경제 수장에 정적 아키노 시절 관료 기용,World
인도 설탕 수출도 제한식량 보호주의 무역전쟁 부를라,World
 증시 약세장에도에버코어  더 오른다,World
터키 시리아 국경에 군사 작전 실시할 것핀란드스웨덴  가입 볼모 삼아,World
영상 바이든 보란듯 함정 미일정상회담 날  열도 해협 통과 나우어스,World
고물가에 뒤집힌 여론러 제재보다 경제 우선해야,World
테슬라 주가 고점 대비 반토막올해 머스크 재산 조,World
외신들 바이든 순방 직후  미사일 발사하자 곧바로 속보 타전,World
속보 대통령 주재  미사일 중대 도발 강력규탄,World
우크라 국민  러시아에 영토 양보해선 안돼,World
 수장 유럽 올겨울 가스배급제 해야 할 수도,World
아시아 순방 효과 없네 바이든 대통령 지지율 취임후 최저,World
샤넬이 샤넬했다봉쇄에도 매출 굳건,World
필리핀 마르코스 초대 경제 수장에 정적 아키노 때 관료 기용,World
외무성 간부 바이든 대만 발언 미일간 조율된 것 아냐깜짝 놀라,World
 한일에 대한 미국 방위공약 철통  분명한 도발 용서되지 않아,World
도망치면 사살하라공안 신장 위구르 수용소 천명 자료 유출,World
젤렌스키 러 일부러 공격 늦춰 주장에 한심하다,World
나토 사무총장 푸틴의 우크라 침공 큰 전략적 실수,World
러시아 민간인 위해 일부러 공격 늦췄다는 주장에 젤렌스키 한심,World
마르코스 초대 경제 수장에 정적 아키노 시절 관료 기용,World
인도 설탕 수출도 제한식량 보호주의 무역전쟁 부를라,World
 증시 약세장에도에버코어  더 오른다,World
터키 시리아 국경에 군사 작전 실시할 것핀란드스웨덴  가입 볼모 삼아,World
영상 바이든 보란듯 함정 미일정상회담 날  열도 해협 통과 나우어스,World
고물가에 뒤집힌 여론러 제재보다 경제 우선해야,World
테슬라 주가 고점 대비 반토막올해 머스크 재산 조,World
외신들 바이든 순방 직후  미사일 발사하자 곧바로 속보 타전,World
속보 대통령 주재  미사일 중대 도발 강력규탄,World
우크라 국민  러시아에 영토 양보해선 안돼,World
 수장 유럽 올겨울 가스배급제 해야 할 수도,World
아시아 순방 효과 없네 바이든 대통령 지지율 취임후 최저,World
샤넬이 샤넬했다봉쇄에도 매출 굳건,World
필리핀 마르코스 초대 경제 수장에 정적 아키노 때 관료 기용,World
외무성 간부 바이든 대만 발언 미일간 조율된 것 아냐깜짝 놀라,World
 한일에 대한 미국 방위공약 철통  분명한 도발 용서되지 않아,World
도망치면 사살하라공안 신장 위구르 수용소 천명 자료 유출,World
젤렌스키 러 일부러 공격 늦춰 주장에 한심하다,World
나토 사무총장 푸틴의 우크라 침공 큰 전략적 실수,World
러시아 민간인 위해 일부러 공격 늦췄다는 주장에 젤렌스키 한심,World
마르코스 초대 경제 수장에 정적 아키노 시절 관료 기용,World
인도 설탕 수출도 제한식량 보호주의 무역전쟁 부를라,World
 증시 약세장에도에버코어  더 오른다,World
터키 시리아 국경에 군사 작전 실시할 것핀란드스웨덴  가입 볼모 삼아,World
영상 바이든 보란듯 함정 미일정상회담 날  열도 해협 통과 나우어스,World
고물가에 뒤집힌 여론러 제재보다 경제 우선해야,World
테슬라 주가 고점 대비 반토막올해 머스크 재산 조,World
외신들 바이든 순방 직후  미사일 발사하자 곧바로 속보 타전,World
속보 대통령 주재  미사일 중대 도발 강력규탄,World
우크라 국민  러시아에 영토 양보해선 안돼,World
 수장 유럽 올겨울 가스배급제 해야 할 수도,World
아시아 순방 효과 없네 바이든 대통령 지지율 취임후 최저,World
샤넬이 샤넬했다봉쇄에도 매출 굳건,World
필리핀 마르코스 초대 경제 수장에 정적 아키노 때 관료 기용,World
외무성 간부 바이든 대만 발언 미일간 조율된 것 아냐깜짝 놀라,World
 한일에 대한 미국 방위공약 철통  분명한 도발 용서되지 않아,World
도망치면 사살하라공안 신장 위구르 수용소 천명 자료 유출,World
젤렌스키 러 일부러 공격 늦춰 주장에 한심하다,World
나토 사무총장 푸틴의 우크라 침공 큰 전략적 실수,World
러시아 민간인 위해 일부러 공격 늦췄다는 주장에 젤렌스키 한심,World
마르코스 초대 경제 수장에 정적 아키노 시절 관료 기용,World
인도 설탕 수출도 제한식량 보호주의 무역전쟁 부를라,World
 증시 약세장에도에버코어  더 오른다,World
터키 시리아 국경에 군사 작전 실시할 것핀란드스웨덴  가입 볼모 삼아,World
영상 바이든 보란듯 함정 미일정상회담 날  열도 해협 통과 나우어스,World
고물가에 뒤집힌 여론러 제재보다 경제 우선해야,World
테슬라 주가 고점 대비 반토막올해 머스크 재산 조,World
외신들 바이든 순방 직후  미사일 발사하자 곧바로 속보 타전,World
속보 대통령 주재  미사일 중대 도발 강력규탄,World
우크라 국민  러시아에 영토 양보해선 안돼,World
 수장 유럽 올겨울 가스배급제 해야 할 수도,World
아시아 순방 효과 없네 바이든 대통령 지지율 취임후 최저,World
샤넬이 샤넬했다봉쇄에도 매출 굳건,World
필리핀 마르코스 초대 경제 수장에 정적 아키노 때 관료 기용,World
외무성 간부 바이든 대만 발언 미일간 조율된 것 아냐깜짝 놀라,World
 한일에 대한 미국 방위공약 철통  분명한 도발 용서되지 않아,World
도망치면 사살하라공안 신장 위구르 수용소 천명 자료 유출,World
젤렌스키 러 일부러 공격 늦춰 주장에 한심하다,World
나토 사무총장 푸틴의 우크라 침공 큰 전략적 실수,World
러시아 민간인 위해 일부러 공격 늦췄다는 주장에 젤렌스키 한심,World
마르코스 초대 경제 수장에 정적 아키노 시절 관료 기용,World
인도 설탕 수출도 제한식량 보호주의 무역전쟁 부를라,World
 증시 약세장에도에버코어  더 오른다,World
터키 시리아 국경에 군사 작전 실시할 것핀란드스웨덴  가입 볼모 삼아,World
영상 바이든 보란듯 함정 미일정상회담 날  열도 해협 통과 나우어스,World
고물가에 뒤집힌 여론러 제재보다 경제 우선해야,World
테슬라 주가 고점 대비 반토막올해 머스크 재산 조,World
외신들 바이든 순방 직후  미사일 발사하자 곧바로 속보 타전,World
속보 대통령 주재  미사일 중대 도발 강력규탄,World
우크라 국민  러시아에 영토 양보해선 안돼,World
 수장 유럽 올겨울 가스배급제 해야 할 수도,World
아시아 순방 효과 없네 바이든 대통령 지지율 취임후 최저,World
샤넬이 샤넬했다봉쇄에도 매출 굳건,World
필리핀 마르코스 초대 경제 수장에 정적 아키노 때 관료 기용,World
외무성 간부 바이든 대만 발언 미일간 조율된 것 아냐깜짝 놀라,World
 한일에 대한 미국 방위공약 철통  분명한 도발 용서되지 않아,World
도망치면 사살하라공안 신장 위구르 수용소 천명 자료 유출,World
젤렌스키 러 일부러 공격 늦춰 주장에 한심하다,World
나토 사무총장 푸틴의 우크라 침공 큰 전략적 실수,World
러시아 민간인 위해 일부러 공격 늦췄다는 주장에 젤렌스키 한심,World
마르코스 초대 경제 수장에 정적 아키노 시절 관료 기용,World
인도 설탕 수출도 제한식량 보호주의 무역전쟁 부를라,World
 증시 약세장에도에버코어  더 오른다,World
터키 시리아 국경에 군사 작전 실시할 것핀란드스웨덴  가입 볼모 삼아,World
영상 바이든 보란듯 함정 미일정상회담 날  열도 해협 통과 나우어스,World
고물가에 뒤집힌 여론러 제재보다 경제 우선해야,World
테슬라 주가 고점 대비 반토막올해 머스크 재산 조,World
외신들 바이든 순방 직후  미사일 발사하자 곧바로 속보 타전,World
속보 대통령 주재  미사일 중대 도발 강력규탄,World
우크라 국민  러시아에 영토 양보해선 안돼,World
 수장 유럽 올겨울 가스배급제 해야 할 수도,World
아시아 순방 효과 없네 바이든 대통령 지지율 취임후 최저,World
샤넬이 샤넬했다봉쇄에도 매출 굳건,World
필리핀 마르코스 초대 경제 수장에 정적 아키노 때 관료 기용,World
외무성 간부 바이든 대만 발언 미일간 조율된 것 아냐깜짝 놀라,World
 한일에 대한 미국 방위공약 철통  분명한 도발 용서되지 않아,World
도망치면 사살하라공안 신장 위구르 수용소 천명 자료 유출,World
젤렌스키 러 일부러 공격 늦춰 주장에 한심하다,World
나토 사무총장 푸틴의 우크라 침공 큰 전략적 실수,World
러시아 민간인 위해 일부러 공격 늦췄다는 주장에 젤렌스키 한심,World
마르코스 초대 경제 수장에 정적 아키노 시절 관료 기용,World
인도 설탕 수출도 제한식량 보호주의 무역전쟁 부를라,World
 증시 약세장에도에버코어  더 오른다,World
터키 시리아 국경에 군사 작전 실시할 것핀란드스웨덴  가입 볼모 삼아,World
영상 바이든 보란듯 함정 미일정상회담 날  열도 해협 통과 나우어스,World
고물가에 뒤집힌 여론러 제재보다 경제 우선해야,World
테슬라 주가 고점 대비 반토막올해 머스크 재산 조,World
외신들 바이든 순방 직후  미사일 발사하자 곧바로 속보 타전,World
속보 대통령 주재  미사일 중대 도발 강력규탄,World
우크라 국민  러시아에 영토 양보해선 안돼,World
 수장 유럽 올겨울 가스배급제 해야 할 수도,World
아시아 순방 효과 없네 바이든 대통령 지지율 취임후 최저,World
샤넬이 샤넬했다봉쇄에도 매출 굳건,World
필리핀 마르코스 초대 경제 수장에 정적 아키노 때 관료 기용,World
외무성 간부 바이든 대만 발언 미일간 조율된 것 아냐깜짝 놀라,World
 한일에 대한 미국 방위공약 철통  분명한 도발 용서되지 않아,World
도망치면 사살하라공안 신장 위구르 수용소 천명 자료 유출,World
젤렌스키 러 일부러 공격 늦춰 주장에 한심하다,World
나토 사무총장 푸틴의 우크라 침공 큰 전략적 실수,World
러시아 민간인 위해 일부러 공격 늦췄다는 주장에 젤렌스키 한심,World
마르코스 초대 경제 수장에 정적 아키노 시절 관료 기용,World
인도 설탕 수출도 제한식량 보호주의 무역전쟁 부를라,World
 증시 약세장에도에버코어  더 오른다,World
터키 시리아 국경에 군사 작전 실시할 것핀란드스웨덴  가입 볼모 삼아,World
영상 바이든 보란듯 함정 미일정상회담 날  열도 해협 통과 나우어스,World
고물가에 뒤집힌 여론러 제재보다 경제 우선해야,World
테슬라 주가 고점 대비 반토막올해 머스크 재산 조,World
외신들 바이든 순방 직후  미사일 발사하자 곧바로 속보 타전,World
속보 대통령 주재  미사일 중대 도발 강력규탄,World
우크라 국민  러시아에 영토 양보해선 안돼,World
 수장 유럽 올겨울 가스배급제 해야 할 수도,World
아시아 순방 효과 없네 바이든 대통령 지지율 취임후 최저,World
샤넬이 샤넬했다봉쇄에도 매출 굳건,World
필리핀 마르코스 초대 경제 수장에 정적 아키노 때 관료 기용,World
외무성 간부 바이든 대만 발언 미일간 조율된 것 아냐깜짝 놀라,World
 한일에 대한 미국 방위공약 철통  분명한 도발 용서되지 않아,World
도망치면 사살하라공안 신장 위구르 수용소 천명 자료 유출,World
젤렌스키 러 일부러 공격 늦춰 주장에 한심하다,World
나토 사무총장 푸틴의 우크라 침공 큰 전략적 실수,World
러시아 민간인 위해 일부러 공격 늦췄다는 주장에 젤렌스키 한심,World
마르코스 초대 경제 수장에 정적 아키노 시절 관료 기용,World
인도 설탕 수출도 제한식량 보호주의 무역전쟁 부를라,World
 증시 약세장에도에버코어  더 오른다,World
터키 시리아 국경에 군사 작전 실시할 것핀란드스웨덴  가입 볼모 삼아,World
영상 바이든 보란듯 함정 미일정상회담 날  열도 해협 통과 나우어스,World
고물가에 뒤집힌 여론러 제재보다 경제 우선해야,World
테슬라 주가 고점 대비 반토막올해 머스크 재산 조,World
외신들 바이든 순방 직후  미사일 발사하자 곧바로 속보 타전,World
속보 대통령 주재  미사일 중대 도발 강력규탄,World
우크라 국민  러시아에 영토 양보해선 안돼,World
 수장 유럽 올겨울 가스배급제 해야 할 수도,World
아시아 순방 효과 없네 바이든 대통령 지지율 취임후 최저,World
샤넬이 샤넬했다봉쇄에도 매출 굳건,World
필리핀 마르코스 초대 경제 수장에 정적 아키노 때 관료 기용,World
외무성 간부 바이든 대만 발언 미일간 조율된 것 아냐깜짝 놀라,World
 한일에 대한 미국 방위공약 철통  분명한 도발 용서되지 않아,World
도망치면 사살하라공안 신장 위구르 수용소 천명 자료 유출,World
젤렌스키 러 일부러 공격 늦춰 주장에 한심하다,World
나토 사무총장 푸틴의 우크라 침공 큰 전략적 실수,World
러시아 민간인 위해 일부러 공격 늦췄다는 주장에 젤렌스키 한심,World
마르코스 초대 경제 수장에 정적 아키노 시절 관료 기용,World
인도 설탕 수출도 제한식량 보호주의 무역전쟁 부를라,World
 증시 약세장에도에버코어  더 오른다,World
터키 시리아 국경에 군사 작전 실시할 것핀란드스웨덴  가입 볼모 삼아,World
영상 바이든 보란듯 함정 미일정상회담 날  열도 해협 통과 나우어스,World
고물가에 뒤집힌 여론러 제재보다 경제 우선해야,World
테슬라 주가 고점 대비 반토막올해 머스크 재산 조,World
외신들 바이든 순방 직후  미사일 발사하자 곧바로 속보 타전,World
속보 대통령 주재  미사일 중대 도발 강력규탄,World
우크라 국민  러시아에 영토 양보해선 안돼,World
 수장 유럽 올겨울 가스배급제 해야 할 수도,World
아시아 순방 효과 없네 바이든 대통령 지지율 취임후 최저,World
샤넬이 샤넬했다봉쇄에도 매출 굳건,World
필리핀 마르코스 초대 경제 수장에 정적 아키노 때 관료 기용,World
외무성 간부 바이든 대만 발언 미일간 조율된 것 아냐깜짝 놀라,World
 한일에 대한 미국 방위공약 철통  분명한 도발 용서되지 않아,World
도망치면 사살하라공안 신장 위구르 수용소 천명 자료 유출,World
젤렌스키 러 일부러 공격 늦춰 주장에 한심하다,World
나토 사무총장 푸틴의 우크라 침공 큰 전략적 실수,World
러시아 민간인 위해 일부러 공격 늦췄다는 주장에 젤렌스키 한심,World
마르코스 초대 경제 수장에 정적 아키노 시절 관료 기용,World
인도 설탕 수출도 제한식량 보호주의 무역전쟁 부를라,World
 증시 약세장에도에버코어  더 오른다,World
터키 시리아 국경에 군사 작전 실시할 것핀란드스웨덴  가입 볼모 삼아,World
영상 바이든 보란듯 함정 미일정상회담 날  열도 해협 통과 나우어스,World
고물가에 뒤집힌 여론러 제재보다 경제 우선해야,World
테슬라 주가 고점 대비 반토막올해 머스크 재산 조,World
외신들 바이든 순방 직후  미사일 발사하자 곧바로 속보 타전,World
속보 대통령 주재  미사일 중대 도발 강력규탄,World
우크라 국민  러시아에 영토 양보해선 안돼,World
 수장 유럽 올겨울 가스배급제 해야 할 수도,World
아시아 순방 효과 없네 바이든 대통령 지지율 취임후 최저,World
샤넬이 샤넬했다봉쇄에도 매출 굳건,World
필리핀 마르코스 초대 경제 수장에 정적 아키노 때 관료 기용,World
외무성 간부 바이든 대만 발언 미일간 조율된 것 아냐깜짝 놀라,World
 한일에 대한 미국 방위공약 철통  분명한 도발 용서되지 않아,World
도망치면 사살하라공안 신장 위구르 수용소 천명 자료 유출,World
젤렌스키 러 일부러 공격 늦춰 주장에 한심하다,World
나토 사무총장 푸틴의 우크라 침공 큰 전략적 실수,World
러시아 민간인 위해 일부러 공격 늦췄다는 주장에 젤렌스키 한심,World
마르코스 초대 경제 수장에 정적 아키노 시절 관료 기용,World
인도 설탕 수출도 제한식량 보호주의 무역전쟁 부를라,World
 증시 약세장에도에버코어  더 오른다,World
터키 시리아 국경에 군사 작전 실시할 것핀란드스웨덴  가입 볼모 삼아,World
영상 바이든 보란듯 함정 미일정상회담 날  열도 해협 통과 나우어스,World
고물가에 뒤집힌 여론러 제재보다 경제 우선해야,World
테슬라 주가 고점 대비 반토막올해 머스크 재산 조,World
외신들 바이든 순방 직후  미사일 발사하자 곧바로 속보 타전,World
속보 대통령 주재  미사일 중대 도발 강력규탄,World
우크라 국민  러시아에 영토 양보해선 안돼,World
 수장 유럽 올겨울 가스배급제 해야 할 수도,World
아시아 순방 효과 없네 바이든 대통령 지지율 취임후 최저,World
샤넬이 샤넬했다봉쇄에도 매출 굳건,World
필리핀 마르코스 초대 경제 수장에 정적 아키노 때 관료 기용,World
외무성 간부 바이든 대만 발언 미일간 조율된 것 아냐깜짝 놀라,World
 한일에 대한 미국 방위공약 철통  분명한 도발 용서되지 않아,World
도망치면 사살하라공안 신장 위구르 수용소 천명 자료 유출,World
젤렌스키 러 일부러 공격 늦춰 주장에 한심하다,World
나토 사무총장 푸틴의 우크라 침공 큰 전략적 실수,World
러시아 민간인 위해 일부러 공격 늦췄다는 주장에 젤렌스키 한심,World
마르코스 초대 경제 수장에 정적 아키노 시절 관료 기용,World
인도 설탕 수출도 제한식량 보호주의 무역전쟁 부를라,World
 증시 약세장에도에버코어  더 오른다,World
터키 시리아 국경에 군사 작전 실시할 것핀란드스웨덴  가입 볼모 삼아,World
영상 바이든 보란듯 함정 미일정상회담 날  열도 해협 통과 나우어스,World
고물가에 뒤집힌 여론러 제재보다 경제 우선해야,World
테슬라 주가 고점 대비 반토막올해 머스크 재산 조,World
외신들 바이든 순방 직후  미사일 발사하자 곧바로 속보 타전,World
속보 대통령 주재  미사일 중대 도발 강력규탄,World
우크라 국민  러시아에 영토 양보해선 안돼,World
 수장 유럽 올겨울 가스배급제 해야 할 수도,World
아시아 순방 효과 없네 바이든 대통령 지지율 취임후 최저,World
샤넬이 샤넬했다봉쇄에도 매출 굳건,World
필리핀 마르코스 초대 경제 수장에 정적 아키노 때 관료 기용,World
외무성 간부 바이든 대만 발언 미일간 조율된 것 아냐깜짝 놀라,World
 한일에 대한 미국 방위공약 철통  분명한 도발 용서되지 않아,World
도망치면 사살하라공안 신장 위구르 수용소 천명 자료 유출,World
젤렌스키 러 일부러 공격 늦춰 주장에 한심하다,World
나토 사무총장 푸틴의 우크라 침공 큰 전략적 실수,World
러시아 민간인 위해 일부러 공격 늦췄다는 주장에 젤렌스키 한심,World
마르코스 초대 경제 수장에 정적 아키노 시절 관료 기용,World
인도 설탕 수출도 제한식량 보호주의 무역전쟁 부를라,World
 증시 약세장에도에버코어  더 오른다,World
터키 시리아 국경에 군사 작전 실시할 것핀란드스웨덴  가입 볼모 삼아,World
영상 바이든 보란듯 함정 미일정상회담 날  열도 해협 통과 나우어스,World
고물가에 뒤집힌 여론러 제재보다 경제 우선해야,World
테슬라 주가 고점 대비 반토막올해 머스크 재산 조,World
외신들 바이든 순방 직후  미사일 발사하자 곧바로 속보 타전,World
속보 대통령 주재  미사일 중대 도발 강력규탄,World
우크라 국민  러시아에 영토 양보해선 안돼,World
 수장 유럽 올겨울 가스배급제 해야 할 수도,World
아시아 순방 효과 없네 바이든 대통령 지지율 취임후 최저,World
샤넬이 샤넬했다봉쇄에도 매출 굳건,World
필리핀 마르코스 초대 경제 수장에 정적 아키노 때 관료 기용,World
외무성 간부 바이든 대만 발언 미일간 조율된 것 아냐깜짝 놀라,World
 한일에 대한 미국 방위공약 철통  분명한 도발 용서되지 않아,World
도망치면 사살하라공안 신장 위구르 수용소 천명 자료 유출,World
젤렌스키 러 일부러 공격 늦춰 주장에 한심하다,World
나토 사무총장 푸틴의 우크라 침공 큰 전략적 실수,World
러시아 민간인 위해 일부러 공격 늦췄다는 주장에 젤렌스키 한심,World
마르코스 초대 경제 수장에 정적 아키노 시절 관료 기용,World
인도 설탕 수출도 제한식량 보호주의 무역전쟁 부를라,World
 증시 약세장에도에버코어  더 오른다,World
터키 시리아 국경에 군사 작전 실시할 것핀란드스웨덴  가입 볼모 삼아,World
영상 바이든 보란듯 함정 미일정상회담 날  열도 해협 통과 나우어스,World
고물가에 뒤집힌 여론러 제재보다 경제 우선해야,World
테슬라 주가 고점 대비 반토막올해 머스크 재산 조,World
외신들 바이든 순방 직후  미사일 발사하자 곧바로 속보 타전,World
속보 대통령 주재  미사일 중대 도발 강력규탄,World
우크라 국민  러시아에 영토 양보해선 안돼,World
 수장 유럽 올겨울 가스배급제 해야 할 수도,World
아시아 순방 효과 없네 바이든 대통령 지지율 취임후 최저,World
샤넬이 샤넬했다봉쇄에도 매출 굳건,World
필리핀 마르코스 초대 경제 수장에 정적 아키노 때 관료 기용,World
외무성 간부 바이든 대만 발언 미일간 조율된 것 아냐깜짝 놀라,World
 한일에 대한 미국 방위공약 철통  분명한 도발 용서되지 않아,World
도망치면 사살하라공안 신장 위구르 수용소 천명 자료 유출,World
젤렌스키 러 일부러 공격 늦춰 주장에 한심하다,World
나토 사무총장 푸틴의 우크라 침공 큰 전략적 실수,World
러시아 민간인 위해 일부러 공격 늦췄다는 주장에 젤렌스키 한심,World
마르코스 초대 경제 수장에 정적 아키노 시절 관료 기용,World
인도 설탕 수출도 제한식량 보호주의 무역전쟁 부를라,World
 증시 약세장에도에버코어  더 오른다,World
터키 시리아 국경에 군사 작전 실시할 것핀란드스웨덴  가입 볼모 삼아,World
영상 바이든 보란듯 함정 미일정상회담 날  열도 해협 통과 나우어스,World
고물가에 뒤집힌 여론러 제재보다 경제 우선해야,World
테슬라 주가 고점 대비 반토막올해 머스크 재산 조,World
외신들 바이든 순방 직후  미사일 발사하자 곧바로 속보 타전,World
속보 대통령 주재  미사일 중대 도발 강력규탄,World
우크라 국민  러시아에 영토 양보해선 안돼,World
 수장 유럽 올겨울 가스배급제 해야 할 수도,World
아시아 순방 효과 없네 바이든 대통령 지지율 취임후 최저,World
샤넬이 샤넬했다봉쇄에도 매출 굳건,World
필리핀 마르코스 초대 경제 수장에 정적 아키노 때 관료 기용,World
외무성 간부 바이든 대만 발언 미일간 조율된 것 아냐깜짝 놀라,World
 한일에 대한 미국 방위공약 철통  분명한 도발 용서되지 않아,World
도망치면 사살하라공안 신장 위구르 수용소 천명 자료 유출,World
젤렌스키 러 일부러 공격 늦춰 주장에 한심하다,World
나토 사무총장 푸틴의 우크라 침공 큰 전략적 실수,World
러시아 민간인 위해 일부러 공격 늦췄다는 주장에 젤렌스키 한심,World
마르코스 초대 경제 수장에 정적 아키노 시절 관료 기용,World
인도 설탕 수출도 제한식량 보호주의 무역전쟁 부를라,World
 증시 약세장에도에버코어  더 오른다,World
터키 시리아 국경에 군사 작전 실시할 것핀란드스웨덴  가입 볼모 삼아,World
영상 바이든 보란듯 함정 미일정상회담 날  열도 해협 통과 나우어스,World
고물가에 뒤집힌 여론러 제재보다 경제 우선해야,World
테슬라 주가 고점 대비 반토막올해 머스크 재산 조,World
외신들 바이든 순방 직후  미사일 발사하자 곧바로 속보 타전,World
속보 대통령 주재  미사일 중대 도발 강력규탄,World
우크라 국민  러시아에 영토 양보해선 안돼,World
 수장 유럽 올겨울 가스배급제 해야 할 수도,World
아시아 순방 효과 없네 바이든 대통령 지지율 취임후 최저,World
샤넬이 샤넬했다봉쇄에도 매출 굳건,World
필리핀 마르코스 초대 경제 수장에 정적 아키노 때 관료 기용,World
외무성 간부 바이든 대만 발언 미일간 조율된 것 아냐깜짝 놀라,World
 한일에 대한 미국 방위공약 철통  분명한 도발 용서되지 않아,World
도망치면 사살하라공안 신장 위구르 수용소 천명 자료 유출,World
젤렌스키 러 일부러 공격 늦춰 주장에 한심하다,World
나토 사무총장 푸틴의 우크라 침공 큰 전략적 실수,World
러시아 민간인 위해 일부러 공격 늦췄다는 주장에 젤렌스키 한심,World
마르코스 초대 경제 수장에 정적 아키노 시절 관료 기용,World
인도 설탕 수출도 제한식량 보호주의 무역전쟁 부를라,World
 증시 약세장에도에버코어  더 오른다,World
터키 시리아 국경에 군사 작전 실시할 것핀란드스웨덴  가입 볼모 삼아,World
영상 바이든 보란듯 함정 미일정상회담 날  열도 해협 통과 나우어스,World
고물가에 뒤집힌 여론러 제재보다 경제 우선해야,World
테슬라 주가 고점 대비 반토막올해 머스크 재산 조,World
외신들 바이든 순방 직후  미사일 발사하자 곧바로 속보 타전,World
속보 대통령 주재  미사일 중대 도발 강력규탄,World
우크라 국민  러시아에 영토 양보해선 안돼,World
 수장 유럽 올겨울 가스배급제 해야 할 수도,World
아시아 순방 효과 없네 바이든 대통령 지지율 취임후 최저,World
샤넬이 샤넬했다봉쇄에도 매출 굳건,World
필리핀 마르코스 초대 경제 수장에 정적 아키노 때 관료 기용,World
외무성 간부 바이든 대만 발언 미일간 조율된 것 아냐깜짝 놀라,World
 한일에 대한 미국 방위공약 철통  분명한 도발 용서되지 않아,World
도망치면 사살하라공안 신장 위구르 수용소 천명 자료 유출,World
젤렌스키 러 일부러 공격 늦춰 주장에 한심하다,World
나토 사무총장 푸틴의 우크라 침공 큰 전략적 실수,World
러시아 민간인 위해 일부러 공격 늦췄다는 주장에 젤렌스키 한심,World
마르코스 초대 경제 수장에 정적 아키노 시절 관료 기용,World
인도 설탕 수출도 제한식량 보호주의 무역전쟁 부를라,World
 증시 약세장에도에버코어  더 오른다,World
터키 시리아 국경에 군사 작전 실시할 것핀란드스웨덴  가입 볼모 삼아,World
영상 바이든 보란듯 함정 미일정상회담 날  열도 해협 통과 나우어스,World
고물가에 뒤집힌 여론러 제재보다 경제 우선해야,World
테슬라 주가 고점 대비 반토막올해 머스크 재산 조,World
외신들 바이든 순방 직후  미사일 발사하자 곧바로 속보 타전,World
속보 대통령 주재  미사일 중대 도발 강력규탄,World
우크라 국민  러시아에 영토 양보해선 안돼,World
 수장 유럽 올겨울 가스배급제 해야 할 수도,World
아시아 순방 효과 없네 바이든 대통령 지지율 취임후 최저,World
샤넬이 샤넬했다봉쇄에도 매출 굳건,World
필리핀 마르코스 초대 경제 수장에 정적 아키노 때 관료 기용,World
외무성 간부 바이든 대만 발언 미일간 조율된 것 아냐깜짝 놀라,World
 한일에 대한 미국 방위공약 철통  분명한 도발 용서되지 않아,World
도망치면 사살하라공안 신장 위구르 수용소 천명 자료 유출,World
젤렌스키 러 일부러 공격 늦춰 주장에 한심하다,World
나토 사무총장 푸틴의 우크라 침공 큰 전략적 실수,World
러시아 민간인 위해 일부러 공격 늦췄다는 주장에 젤렌스키 한심,World
마르코스 초대 경제 수장에 정적 아키노 시절 관료 기용,World
인도 설탕 수출도 제한식량 보호주의 무역전쟁 부를라,World
 증시 약세장에도에버코어  더 오른다,World
터키 시리아 국경에 군사 작전 실시할 것핀란드스웨덴  가입 볼모 삼아,World
영상 바이든 보란듯 함정 미일정상회담 날  열도 해협 통과 나우어스,World
고물가에 뒤집힌 여론러 제재보다 경제 우선해야,World
테슬라 주가 고점 대비 반토막올해 머스크 재산 조,World
외신들 바이든 순방 직후  미사일 발사하자 곧바로 속보 타전,World
속보 대통령 주재  미사일 중대 도발 강력규탄,World
우크라 국민  러시아에 영토 양보해선 안돼,World
 수장 유럽 올겨울 가스배급제 해야 할 수도,World
아시아 순방 효과 없네 바이든 대통령 지지율 취임후 최저,World
샤넬이 샤넬했다봉쇄에도 매출 굳건,World
필리핀 마르코스 초대 경제 수장에 정적 아키노 때 관료 기용,World
외무성 간부 바이든 대만 발언 미일간 조율된 것 아냐깜짝 놀라,World
 한일에 대한 미국 방위공약 철통  분명한 도발 용서되지 않아,World
도망치면 사살하라공안 신장 위구르 수용소 천명 자료 유출,World
젤렌스키 러 일부러 공격 늦춰 주장에 한심하다,World
나토 사무총장 푸틴의 우크라 침공 큰 전략적 실수,World
러시아 민간인 위해 일부러 공격 늦췄다는 주장에 젤렌스키 한심,World
마르코스 초대 경제 수장에 정적 아키노 시절 관료 기용,World
인도 설탕 수출도 제한식량 보호주의 무역전쟁 부를라,World
 증시 약세장에도에버코어  더 오른다,World
터키 시리아 국경에 군사 작전 실시할 것핀란드스웨덴  가입 볼모 삼아,World
영상 바이든 보란듯 함정 미일정상회담 날  열도 해협 통과 나우어스,World
고물가에 뒤집힌 여론러 제재보다 경제 우선해야,World
테슬라 주가 고점 대비 반토막올해 머스크 재산 조,World
외신들 바이든 순방 직후  미사일 발사하자 곧바로 속보 타전,World
속보 대통령 주재  미사일 중대 도발 강력규탄,World
우크라 국민  러시아에 영토 양보해선 안돼,World
 수장 유럽 올겨울 가스배급제 해야 할 수도,World
아시아 순방 효과 없네 바이든 대통령 지지율 취임후 최저,World
샤넬이 샤넬했다봉쇄에도 매출 굳건,World
필리핀 마르코스 초대 경제 수장에 정적 아키노 때 관료 기용,World
외무성 간부 바이든 대만 발언 미일간 조율된 것 아냐깜짝 놀라,World
 한일에 대한 미국 방위공약 철통  분명한 도발 용서되지 않아,World
도망치면 사살하라공안 신장 위구르 수용소 천명 자료 유출,World
젤렌스키 러 일부러 공격 늦춰 주장에 한심하다,World
나토 사무총장 푸틴의 우크라 침공 큰 전략적 실수,World
러시아 민간인 위해 일부러 공격 늦췄다는 주장에 젤렌스키 한심,World
마르코스 초대 경제 수장에 정적 아키노 시절 관료 기용,World
인도 설탕 수출도 제한식량 보호주의 무역전쟁 부를라,World
 증시 약세장에도에버코어  더 오른다,World
터키 시리아 국경에 군사 작전 실시할 것핀란드스웨덴  가입 볼모 삼아,World
영상 바이든 보란듯 함정 미일정상회담 날  열도 해협 통과 나우어스,World
고물가에 뒤집힌 여론러 제재보다 경제 우선해야,World
테슬라 주가 고점 대비 반토막올해 머스크 재산 조,World
외신들 바이든 순방 직후  미사일 발사하자 곧바로 속보 타전,World
속보 대통령 주재  미사일 중대 도발 강력규탄,World
우크라 국민  러시아에 영토 양보해선 안돼,World
 수장 유럽 올겨울 가스배급제 해야 할 수도,World
아시아 순방 효과 없네 바이든 대통령 지지율 취임후 최저,World
샤넬이 샤넬했다봉쇄에도 매출 굳건,World
필리핀 마르코스 초대 경제 수장에 정적 아키노 때 관료 기용,World
외무성 간부 바이든 대만 발언 미일간 조율된 것 아냐깜짝 놀라,World
 한일에 대한 미국 방위공약 철통  분명한 도발 용서되지 않아,World
도망치면 사살하라공안 신장 위구르 수용소 천명 자료 유출,World
젤렌스키 러 일부러 공격 늦춰 주장에 한심하다,World
나토 사무총장 푸틴의 우크라 침공 큰 전략적 실수,World
러시아 민간인 위해 일부러 공격 늦췄다는 주장에 젤렌스키 한심,World
마르코스 초대 경제 수장에 정적 아키노 시절 관료 기용,World
인도 설탕 수출도 제한식량 보호주의 무역전쟁 부를라,World
 증시 약세장에도에버코어  더 오른다,World
터키 시리아 국경에 군사 작전 실시할 것핀란드스웨덴  가입 볼모 삼아,World
영상 바이든 보란듯 함정 미일정상회담 날  열도 해협 통과 나우어스,World
고물가에 뒤집힌 여론러 제재보다 경제 우선해야,World
테슬라 주가 고점 대비 반토막올해 머스크 재산 조,World
외신들 바이든 순방 직후  미사일 발사하자 곧바로 속보 타전,World
속보 대통령 주재  미사일 중대 도발 강력규탄,World
우크라 국민  러시아에 영토 양보해선 안돼,World
 수장 유럽 올겨울 가스배급제 해야 할 수도,World
아시아 순방 효과 없네 바이든 대통령 지지율 취임후 최저,World
샤넬이 샤넬했다봉쇄에도 매출 굳건,World
필리핀 마르코스 초대 경제 수장에 정적 아키노 때 관료 기용,World
외무성 간부 바이든 대만 발언 미일간 조율된 것 아냐깜짝 놀라,World
 한일에 대한 미국 방위공약 철통  분명한 도발 용서되지 않아,World
도망치면 사살하라공안 신장 위구르 수용소 천명 자료 유출,World
젤렌스키 러 일부러 공격 늦춰 주장에 한심하다,World
나토 사무총장 푸틴의 우크라 침공 큰 전략적 실수,World
러시아 민간인 위해 일부러 공격 늦췄다는 주장에 젤렌스키 한심,World
마르코스 초대 경제 수장에 정적 아키노 시절 관료 기용,World
인도 설탕 수출도 제한식량 보호주의 무역전쟁 부를라,World
 증시 약세장에도에버코어  더 오른다,World
터키 시리아 국경에 군사 작전 실시할 것핀란드스웨덴  가입 볼모 삼아,World
영상 바이든 보란듯 함정 미일정상회담 날  열도 해협 통과 나우어스,World
고물가에 뒤집힌 여론러 제재보다 경제 우선해야,World
테슬라 주가 고점 대비 반토막올해 머스크 재산 조,World
외신들 바이든 순방 직후  미사일 발사하자 곧바로 속보 타전,World
속보 대통령 주재  미사일 중대 도발 강력규탄,World
우크라 국민  러시아에 영토 양보해선 안돼,World
 수장 유럽 올겨울 가스배급제 해야 할 수도,World
아시아 순방 효과 없네 바이든 대통령 지지율 취임후 최저,World
샤넬이 샤넬했다봉쇄에도 매출 굳건,World
필리핀 마르코스 초대 경제 수장에 정적 아키노 때 관료 기용,World
외무성 간부 바이든 대만 발언 미일간 조율된 것 아냐깜짝 놀라,World
 한일에 대한 미국 방위공약 철통  분명한 도발 용서되지 않아,World
도망치면 사살하라공안 신장 위구르 수용소 천명 자료 유출,World
젤렌스키 러 일부러 공격 늦춰 주장에 한심하다,World
나토 사무총장 푸틴의 우크라 침공 큰 전략적 실수,World
러시아 민간인 위해 일부러 공격 늦췄다는 주장에 젤렌스키 한심,World
마르코스 초대 경제 수장에 정적 아키노 시절 관료 기용,World
인도 설탕 수출도 제한식량 보호주의 무역전쟁 부를라,World
 증시 약세장에도에버코어  더 오른다,World
터키 시리아 국경에 군사 작전 실시할 것핀란드스웨덴  가입 볼모 삼아,World
영상 바이든 보란듯 함정 미일정상회담 날  열도 해협 통과 나우어스,World
고물가에 뒤집힌 여론러 제재보다 경제 우선해야,World
테슬라 주가 고점 대비 반토막올해 머스크 재산 조,World
외신들 바이든 순방 직후  미사일 발사하자 곧바로 속보 타전,World
속보 대통령 주재  미사일 중대 도발 강력규탄,World
우크라 국민  러시아에 영토 양보해선 안돼,World
 수장 유럽 올겨울 가스배급제 해야 할 수도,World
아시아 순방 효과 없네 바이든 대통령 지지율 취임후 최저,World
샤넬이 샤넬했다봉쇄에도 매출 굳건,World
필리핀 마르코스 초대 경제 수장에 정적 아키노 때 관료 기용,World
외무성 간부 바이든 대만 발언 미일간 조율된 것 아냐깜짝 놀라,World
 한일에 대한 미국 방위공약 철통  분명한 도발 용서되지 않아,World
도망치면 사살하라공안 신장 위구르 수용소 천명 자료 유출,World
젤렌스키 러 일부러 공격 늦춰 주장에 한심하다,World
나토 사무총장 푸틴의 우크라 침공 큰 전략적 실수,World
러시아 민간인 위해 일부러 공격 늦췄다는 주장에 젤렌스키 한심,World
마르코스 초대 경제 수장에 정적 아키노 시절 관료 기용,World
인도 설탕 수출도 제한식량 보호주의 무역전쟁 부를라,World
 증시 약세장에도에버코어  더 오른다,World
터키 시리아 국경에 군사 작전 실시할 것핀란드스웨덴  가입 볼모 삼아,World
영상 바이든 보란듯 함정 미일정상회담 날  열도 해협 통과 나우어스,World
고물가에 뒤집힌 여론러 제재보다 경제 우선해야,World
테슬라 주가 고점 대비 반토막올해 머스크 재산 조,World
외신들 바이든 순방 직후  미사일 발사하자 곧바로 속보 타전,World
속보 대통령 주재  미사일 중대 도발 강력규탄,World
우크라 국민  러시아에 영토 양보해선 안돼,World
 수장 유럽 올겨울 가스배급제 해야 할 수도,World
아시아 순방 효과 없네 바이든 대통령 지지율 취임후 최저,World
샤넬이 샤넬했다봉쇄에도 매출 굳건,World
필리핀 마르코스 초대 경제 수장에 정적 아키노 때 관료 기용,World
외무성 간부 바이든 대만 발언 미일간 조율된 것 아냐깜짝 놀라,World
 한일에 대한 미국 방위공약 철통  분명한 도발 용서되지 않아,World
도망치면 사살하라공안 신장 위구르 수용소 천명 자료 유출,World
젤렌스키 러 일부러 공격 늦춰 주장에 한심하다,World
나토 사무총장 푸틴의 우크라 침공 큰 전략적 실수,World
러시아 민간인 위해 일부러 공격 늦췄다는 주장에 젤렌스키 한심,World
마르코스 초대 경제 수장에 정적 아키노 시절 관료 기용,World
인도 설탕 수출도 제한식량 보호주의 무역전쟁 부를라,World
 증시 약세장에도에버코어  더 오른다,World
터키 시리아 국경에 군사 작전 실시할 것핀란드스웨덴  가입 볼모 삼아,World
영상 바이든 보란듯 함정 미일정상회담 날  열도 해협 통과 나우어스,World
고물가에 뒤집힌 여론러 제재보다 경제 우선해야,World
테슬라 주가 고점 대비 반토막올해 머스크 재산 조,World
외신들 바이든 순방 직후  미사일 발사하자 곧바로 속보 타전,World
속보 대통령 주재  미사일 중대 도발 강력규탄,World
우크라 국민  러시아에 영토 양보해선 안돼,World
 수장 유럽 올겨울 가스배급제 해야 할 수도,World
아시아 순방 효과 없네 바이든 대통령 지지율 취임후 최저,World
샤넬이 샤넬했다봉쇄에도 매출 굳건,World
필리핀 마르코스 초대 경제 수장에 정적 아키노 때 관료 기용,World
외무성 간부 바이든 대만 발언 미일간 조율된 것 아냐깜짝 놀라,World
 한일에 대한 미국 방위공약 철통  분명한 도발 용서되지 않아,World
도망치면 사살하라공안 신장 위구르 수용소 천명 자료 유출,World
젤렌스키 러 일부러 공격 늦춰 주장에 한심하다,World
나토 사무총장 푸틴의 우크라 침공 큰 전략적 실수,World
러시아 민간인 위해 일부러 공격 늦췄다는 주장에 젤렌스키 한심,World
마르코스 초대 경제 수장에 정적 아키노 시절 관료 기용,World
인도 설탕 수출도 제한식량 보호주의 무역전쟁 부를라,World
 증시 약세장에도에버코어  더 오른다,World
터키 시리아 국경에 군사 작전 실시할 것핀란드스웨덴  가입 볼모 삼아,World
영상 바이든 보란듯 함정 미일정상회담 날  열도 해협 통과 나우어스,World
고물가에 뒤집힌 여론러 제재보다 경제 우선해야,World
테슬라 주가 고점 대비 반토막올해 머스크 재산 조,World
외신들 바이든 순방 직후  미사일 발사하자 곧바로 속보 타전,World
속보 대통령 주재  미사일 중대 도발 강력규탄,World
우크라 국민  러시아에 영토 양보해선 안돼,World
 수장 유럽 올겨울 가스배급제 해야 할 수도,World
아시아 순방 효과 없네 바이든 대통령 지지율 취임후 최저,World
샤넬이 샤넬했다봉쇄에도 매출 굳건,World
필리핀 마르코스 초대 경제 수장에 정적 아키노 때 관료 기용,World
외무성 간부 바이든 대만 발언 미일간 조율된 것 아냐깜짝 놀라,World
 한일에 대한 미국 방위공약 철통  분명한 도발 용서되지 않아,World
도망치면 사살하라공안 신장 위구르 수용소 천명 자료 유출,World
젤렌스키 러 일부러 공격 늦춰 주장에 한심하다,World
나토 사무총장 푸틴의 우크라 침공 큰 전략적 실수,World
러시아 민간인 위해 일부러 공격 늦췄다는 주장에 젤렌스키 한심,World
마르코스 초대 경제 수장에 정적 아키노 시절 관료 기용,World
인도 설탕 수출도 제한식량 보호주의 무역전쟁 부를라,World
 증시 약세장에도에버코어  더 오른다,World
터키 시리아 국경에 군사 작전 실시할 것핀란드스웨덴  가입 볼모 삼아,World
영상 바이든 보란듯 함정 미일정상회담 날  열도 해협 통과 나우어스,World
고물가에 뒤집힌 여론러 제재보다 경제 우선해야,World
테슬라 주가 고점 대비 반토막올해 머스크 재산 조,World
외신들 바이든 순방 직후  미사일 발사하자 곧바로 속보 타전,World
속보 대통령 주재  미사일 중대 도발 강력규탄,World
우크라 국민  러시아에 영토 양보해선 안돼,World
 수장 유럽 올겨울 가스배급제 해야 할 수도,World
아시아 순방 효과 없네 바이든 대통령 지지율 취임후 최저,World
샤넬이 샤넬했다봉쇄에도 매출 굳건,World
필리핀 마르코스 초대 경제 수장에 정적 아키노 때 관료 기용,World
외무성 간부 바이든 대만 발언 미일간 조율된 것 아냐깜짝 놀라,World
 한일에 대한 미국 방위공약 철통  분명한 도발 용서되지 않아,World
도망치면 사살하라공안 신장 위구르 수용소 천명 자료 유출,World
젤렌스키 러 일부러 공격 늦춰 주장에 한심하다,World
나토 사무총장 푸틴의 우크라 침공 큰 전략적 실수,World
러시아 민간인 위해 일부러 공격 늦췄다는 주장에 젤렌스키 한심,World
마르코스 초대 경제 수장에 정적 아키노 시절 관료 기용,World
인도 설탕 수출도 제한식량 보호주의 무역전쟁 부를라,World
 증시 약세장에도에버코어  더 오른다,World
터키 시리아 국경에 군사 작전 실시할 것핀란드스웨덴  가입 볼모 삼아,World
영상 바이든 보란듯 함정 미일정상회담 날  열도 해협 통과 나우어스,World
고물가에 뒤집힌 여론러 제재보다 경제 우선해야,World
테슬라 주가 고점 대비 반토막올해 머스크 재산 조,World
외신들 바이든 순방 직후  미사일 발사하자 곧바로 속보 타전,World
속보 대통령 주재  미사일 중대 도발 강력규탄,World
우크라 국민  러시아에 영토 양보해선 안돼,World
 수장 유럽 올겨울 가스배급제 해야 할 수도,World
아시아 순방 효과 없네 바이든 대통령 지지율 취임후 최저,World
샤넬이 샤넬했다봉쇄에도 매출 굳건,World
필리핀 마르코스 초대 경제 수장에 정적 아키노 때 관료 기용,World
외무성 간부 바이든 대만 발언 미일간 조율된 것 아냐깜짝 놀라,World
 한일에 대한 미국 방위공약 철통  분명한 도발 용서되지 않아,World
도망치면 사살하라공안 신장 위구르 수용소 천명 자료 유출,World
젤렌스키 러 일부러 공격 늦춰 주장에 한심하다,World
나토 사무총장 푸틴의 우크라 침공 큰 전략적 실수,World
러시아 민간인 위해 일부러 공격 늦췄다는 주장에 젤렌스키 한심,World
마르코스 초대 경제 수장에 정적 아키노 시절 관료 기용,World
인도 설탕 수출도 제한식량 보호주의 무역전쟁 부를라,World
 증시 약세장에도에버코어  더 오른다,World
터키 시리아 국경에 군사 작전 실시할 것핀란드스웨덴  가입 볼모 삼아,World
영상 바이든 보란듯 함정 미일정상회담 날  열도 해협 통과 나우어스,World
고물가에 뒤집힌 여론러 제재보다 경제 우선해야,World
테슬라 주가 고점 대비 반토막올해 머스크 재산 조,World
외신들 바이든 순방 직후  미사일 발사하자 곧바로 속보 타전,World
속보 대통령 주재  미사일 중대 도발 강력규탄,World
우크라 국민  러시아에 영토 양보해선 안돼,World
 수장 유럽 올겨울 가스배급제 해야 할 수도,World
아시아 순방 효과 없네 바이든 대통령 지지율 취임후 최저,World
샤넬이 샤넬했다봉쇄에도 매출 굳건,World
필리핀 마르코스 초대 경제 수장에 정적 아키노 때 관료 기용,World
외무성 간부 바이든 대만 발언 미일간 조율된 것 아냐깜짝 놀라,World
 한일에 대한 미국 방위공약 철통  분명한 도발 용서되지 않아,World
도망치면 사살하라공안 신장 위구르 수용소 천명 자료 유출,World
젤렌스키 러 일부러 공격 늦춰 주장에 한심하다,World
나토 사무총장 푸틴의 우크라 침공 큰 전략적 실수,World
러시아 민간인 위해 일부러 공격 늦췄다는 주장에 젤렌스키 한심,World
마르코스 초대 경제 수장에 정적 아키노 시절 관료 기용,World
인도 설탕 수출도 제한식량 보호주의 무역전쟁 부를라,World
초대형 폭발 통가화산 국내 연구진 최초 탐사성공,It
위메이드 미르 핵심 콘텐츠 대가 공개,It
올해 스마트폰 카메라 모듈 억대 이상 공급트리플 카메라 대세,It
씨젠 전 세계서  생활검사 추진한다,It
게임브릿지 게이미피케이션이 모든 산업을 구한다,It
에코플랜트 글로벌 중고폰 재활용시장 진출년 전세계 시장규모 조원,It
갤럭시퀀텀 속  양자기술국방철도망전력 분야로 확장,It
인류 최초 화성 탐사 성공에 꼭 필요한 이것은과학을읽다,It
보안시장 양자 생태계 가 이끈다,It
정부 지하철 정기권도 버스 환승할인 추진,It
철통보안 해킹불가 양자칩드림팀과 국방공공시장 도전,It
 해커 김수키 방산기업 공격 한미 사이버 대응 체제 만든다,It
올해 달에 가는 우주선에도 여성 마네킹 실린다,It
통가 화산폭발로 여의도 배 면적 구멍 생겼다,It
빗썸 분기 투자자 중 세대 전년 대비  늘어나,It
리플 가격 하락 요인 산재전  대거 물량 처분,It
원스토어 승부수미디어콘텐츠앱 최저  파격 수수료,It
블랙홀 관측 핵심무기  번째 건설 초읽기년 실전배치,It
갤럭시 퀀텀은 시작일 뿐  주도 양자생태계 어떻게 만들까,It
가상자산 투자자 위험 회피 성향 커졌다,It
한미약품 고혈압치료제 아모잘탄 월에  진출,It
우동행 한 지붕에 은행이 하나만 있을거란 편견을 버려,It
삼성스텔란티스  인디애나에 공장 건립 억 달러 이상 투자,It
잘못된 자세가 체형을 변화시킨다,It
단독넷마블  게임 골든브로스 월 글로벌 그랜드론칭,It
첨단산업법 배터리는 되고 디스플레이는 안 된다,It
첨단산업법  디스플레이 경쟁 기울어진 운동장세제 혜택 강화 필수,It
애플 성소수자 지지새 워치 밴드페이스 공개,It
빌 게이츠가 아이폰 대신 삼성 갤럭시폴드 쓰는 이유,It
케이뱅크 전세대출 카카오페이 대출상품 중개 서비스 추가,It
종합 삼성  배터리 투자 시동캐파 경쟁 나설까,It
우리 뇌는 죽음 문턱에서 무엇을 볼까,It
 얹은 디스플레이 투명  경매에서 억원에 낙찰,It
억명이 부족한 비타민유전자 편집 토마토로 보충할까,It
우주택시도 골라탄다 스페이스 이어 보잉도 개발 성공,It
구글 비켜 원스토어 콘텐츠 앱에  반값 수수료,It
여당 질타 하루만에 코빗도 루나 상폐수수료 수익 투자자 보호에 활용,It
애플 내달 일  개최헤드셋 공개 여부에 촉각,It
  라이젠  꺼내든 올해도 인텔과 혈투 예고,It
삼성와 공장짓는 스텔란티스 전기차 원재료 부족할 것,It
미디어콘텐츠 업계 상생원스토어 수수료 로 인하,It
마스터카드 임원 암호화폐 대규모 채택 조만간 이뤄진다 등,It
 양자암호원칩으로 보안 높이고 국방공공 사업 도전,It
성장 둔화된 이커머스 플랫폼 수익성 과제선 네이버가 우세,It
코빗도 루나 상장폐지수수료 수익 투자자 보호 활용,It
기아 택시업계와 전기택시 보급 확대 협약충전요금 할인 배터리 교체 등 혜택 강화,It
그린 커머스 폐기물 증가이륜차 공해배달업계가 부작용을 해결하는 법,It
구글 인앱결제 후폭풍 가시화 카톡 이모티콘 구독 가격 오른다,It
샤오미 모토로라 이어 억 화소 카메라폰 연내 출시,It
 러 채무상환 허용 연장 안 해러 디폴트 가능성 높아져,It
와 달 착륙 함께치밀한 기시다 보다 한발 더 나갔다,It
카카오네이버 찾는 퓨리오사엔비디아 넘어선다,It
갤럭시 퀀텀에 들어간 암호화기술국방공공시장으로 확대,It
우리은하 중심부 블랙홀 첫 관측 아인슈타인이 옳았다,It
아이폰 프로에 올웨이즈온 디스플레이 탑재될까,It
 양자안전망 시대 연다퀄컴인텔 보고 있나 돋보기,It
세계 위 스위스  품은  양자암호 글로벌 진출,It
  연대의 양자 생태계 확산 전략,It
프리  나선 왓챠상장은 내년으로 미뤄질 듯,It
당신은 나의 영웅바로고 라이더 상점주 응원 영상 공개,It
삼성 기술력으로 억화소 카메라 휴대폰 먼저 내놓는다,It
기업들 점심값 복지 늘린다식권대장 고객사 수 껑충,It
이성엽의 프리즘 신정부의 과학 홀대론과 우대론,It
글로벌포스트 레이 달리오 비트코인 개인들의 포트폴리오로 안착,It
시간 걸리던 코딩 분 만에 기반 개발 시대 열려,It
사이언스카페 바닷속 산호에서 최강의 항암제 찾았다,It
하루 두알이면 끝 비타민  부족 해결할 토마토 나왔다,It
인앱 결제 구글 엄포에 줄줄이 요금 인상수수료 떠넘기기 시작됐다,It
스냅  급락 커지는 기술주 불신 테슬라알파벳 등  나스닥 대표주들 고전,It
루나 충격에 스냅 쇼크까지비트코인 만달러 붕괴,It
하루새 주가 반토막난 스냅예견됐던  침체기 왔다,It
 피해자 만명이라는 루나월 누적 거래대금은 전 세계 도 안돼,It
테슬라 목표주가 달러 대폭 낮춘 다이와캐피탈 무슨 이유,It
인앱결제강제지금 가입하면 평생 이 가격웹결제 홍보 나선 업체들,It
가상인간 어디까지 왔나,It
각광받는 가상인간 대체 왜,It
 반도체 제의 메모리 신화 창출할까,It
한유아가 누구야 업계 가상인간 각축전,It
컴투스홀딩스 블록체인 기업으로 탈바꿈  생태계 본격 확장,It
걸어서 용돈 벌자 알바 모집 카카오파바올영 도보 배달,It
너흰 접어라 폰카 끝판왕 보여주겠다   라이카와 손잡은 샤오미,It
재택이냐 출근이냐 업계 엔데믹 속 내린 답은 하이브리드,It
년 인간 뇌 넘어선다 국내외 빅테크 모두 꽂힌 초거대 ,It
 미리보기  싸이월드 메타버스 전략,It
삼성 향후 년 동안 반도체 등 분야 만명 채용,It
저커버그보다 빠르다 산업용 메타버스 진격하는 마이크로소프트,It
장현국 위메이드 대표 위믹스는 루나테라와 근본부터 달라,It
제의 페이팔 꿈꿨던 테라 어쩌다 사기로 수사받나,It
권도형 테라 붕괴 막기 위한 최선 다했나,It
검찰 권도형 귀국 안 하면 여권 무효화 검토할 듯,It
스타트업 리포트순두붓집에서 태어난 자율주행 로봇 하정우 베어로보틱스 대표,It
반도체갤럭시 신화 쓴 선대 회장처럼이재용 뉴삼성 속도 낸다,It
벽천장이 모두  디스플레이,It
삼성전자 가깝지만 멀었던 서 갤럭시 점유율 끌어올리나,It
바이든이 이재용에 직접 감사 표한 이곳정말 광활하다,It
업비트빗썸의 간단한 루나 상장심사하버드 학벌 믿고 보고서는 쪽,It
아이뉴스 장현국 위메이드 위믹스와 루나 다르다대리운전 중기적합업종 지정,It
삼성 크게 화났다중국 세계 최초 가로채기,It
대리운전 중기 업종 지정 카카오티맵 사업확장 제동,It
당정 루나쇼크 재발방지 요구에 대 거래소 대표 보호책 고민하겠다,It
택시난 해결이 탄력요금제기사들 시큰둥 요금인상에 사용자 반발,It
삼성 텃밭서  굴욕 벗나만원 폴더블폰 유럽 두드린다,It
갤워치 차고 헤이 구글 외친다삼성 구글 어시스턴트 적용,It
한국 유독 홀대하더니 중국 넷플릭스에 이 분 떴다,It
성장곡선 그린 네이버 웨일브라우저 지각변동 예고,It
위믹스 테라와는 다르다 위메이드 웰메이드 코인 자부심,It
오컬쳐국내 팬도 있어요 케이팝  보는  팬덤 시선은,It
셀트리온 왜 헬스케어에 허가 안 난 아바스틴 시밀러 팔았나,It
구글서 퇴출 걱정에 하루하루 비참할 뿐,It
일진머티리얼즈 매각 추진시총 조 규모,It
단독과기부  첫 소행성 탐사 포기만년 기회 아포피스 예타 추가 도전 없다,It
당정 테라사태에 특금법 시행령 개정 추진초강수,It
원방테크 온포드 합작사 드라이룸 장비 수주,It
천연두 백신 원톱 이노엔 원숭이두창 백신 개발 나섰다,It
코인거래소에 칼빼든 당정거래소 신속 대책 강구,It
테라 계기로 가상자산 상장 기준 일원화되나,It
구글 인앱결제 강제에 본격 대응 시작한 콘텐츠업계,It
위믹스 루나와 근본부터 다르다위메이드의 자신감,It
종합 반도체 불씨 당긴 한미정상회담첫 단추는 반도체,It
연봉 억 진짜 주나요 삼성맨도 부러워하는 회사 시끌벅적 왜,It
장현국 위메이드 대표 우린 테라와 달라스테이블코인 발행계획 포기 없다,It
테라식 코인 억 횡령 의혹에 카카오가 진땀 뺀 이유,It
 글로벌 표준 선점 나선 삼성인재는 턱없이 부족,It
복잡한 게이밍  선택 권장 사양보다 조금 높게 잡아야,It
현대차그룹 국내에 조 투자전동화 밸류체인 강화에 올인,It
 퇴근길 만명 고용 나선 삼성 타 그룹사 파급효과는,It
 로봇 원천기술 국내 유입 통로 만들어야,It
피씨엘 대만서 코로나 타액진단키트 시판 허가,It
러 우크라 침공 끝나지 않은 샌드웜 사이버 위협,It
삼성 바이든 방한 이후  진출 급물살인디애나에 공장 건립한다,It
한미 원전동맹 외쳤는데 예산 억 깎일 위기,It
이종호  반도체 언급 어깨 무겁다반도체 선도국 가능해,It
안녕 자연 때 이른 폭염이 부른 비극살인 등 강력 범죄 급증한 미국,It
쓸모없는 코인과는 다르다위메이드 다음 스텝은 인터게임 이코노미,It
맞춤 항암제 개발비용시간 확 줄일 수 있죠,It
의료진 없이 로봇이 코로나 검체 채취,It
강민국 왜 루나 상폐 안 하냐 지적에코인원코빗 검토 중,It
구글 인상 줄줄이카톡 이모티콘 구독값도 올랐다,It
이구순의 느린걸음 넷플릭스가 기간통신사업자였다고,It
다이노 백악기 하늘 지배한 죽음의 용신종 익룡 화석 발견,It
정호영 낙마 후 복지부 장관 후보 인요한김강립김미애 하마평,It
손쉽게 월 만원 용돈벌이 배달 알바보다 낫다 뭐길래,It
루나 긴급 정책간담회 투자자 보호책 무엇이 있었나,It
국내외 기업들 네이버웹툰에 러브콜왜,It
아줄시스템즈 커지는 클라우드 비용 부담 해답은 자바에 있다,It
반도체 전문가 이종호 장관 반도체 대책 마련하겠다,It
종합 삼성 반도체바이오 년까지 조원 투자배터리는,It
반도체 전폭 지원할 것반도체 혁신의 전설 이종호 장관 첫 현장행보종합,It
미국 일본에 우주인 달 착륙 제안협력확대 선언에 그친 한미 우주협력,It
암호화폐는 쓰임새 있어야루나 사태와 선 그은 장현국,It
삼성전자 마이크로로 채운 촬영세트장은 어떤 모습,It
이종호 장관 첫 현장행보내달 반도체 기업 성장지원대책종합,It
삼성전자 로 차세대 통신분야 초격차 추진한다,It
왓챠 억원 프리 추진기업가치 억원 거론,It
김성주 의원 국민의힘 간호법 통과 지연시켰다,It
위메이드 장현국 우리는 루나테라와 근본부터 다르다,It
두나무 이석우 루나 거래량 국내 거래소는 뿐투자자 보호 조치 취했다,It
달콤한 사이언스햇빛 대신 토마토 한 개면 비타민 걱정 끝,It
대규모 투자 삼성전자 통신은 로 초격차 달성한다,It
카카오의 위태로운 시총 순위 지키기 증시이슈,It
 살림 챙길 과기정통부 차관 여전히 오리무중,It
테라 재탄생 투표에 찬성  반대표  불과권도형 부활시도 통하나,It
장현국 대표 루나테라 사태에 위메이드  위믹스는 다르다,It
잇써보니어제 먹은 음식 사진클릭 몇 번이면 로 판다,It
테라루나 사태 코인 시장에 큰 충격 국정과제 기본법 마련해야,It
티맥스한컴이스트 디지털 전환 선택과 집중신사업 닻 올린다 돋보기,It
대리운전도 중기적합업종 지정카카오만 웃을라,It
줌 미 증시 폭락에도 홀로 잘 나가는 이유는,It
자진사퇴 정호영 후폭풍사퇴가 면죄부 돼선 안돼,It
주말마다 남는 방 없다 핫플된 영흥도 글램핑 비결은 배성수의 다다선,It
반도체 전문가 이종호 장관 첫 현장 행보  반도체 기업글로벌 시장 선도,It
헤이 구글 외치면 갤워치가 알아서 척척빅스비와 동거 시작,It
정부 한전 역대급 적자에 전력시장 긴급정산상한가격 추진,It
위메이드 일 신작 미르 온라인 쇼케이스,It
여행비 만원유급휴가 일스마일게이트 권혁빈 통큰 주년 선물,It
해외로 전기차 공장 다 빠져나가나 우려속 현대차그룹 년까지 국내 조원 투자 약속,It
이종호 과기정통부 장관 첫 현장 행보  반도체 전폭 지원,It
삼성 이재용 시스템반도체바이오 양 날개로 미래 승부수,It
신상진 성남시장 후보 메타버스 성남 프로젝트 진행,It
돌봄코드챗봇디지털 기술은 코로나 방역 이렇게 도왔다,It
 살림 챙길 과기정통부 차관 여전히 오리무중,It
테라 재탄생 투표에 찬성  반대표  불과권도형 부활시도 통하나,It
장현국 대표 루나테라 사태에 위메이드  위믹스는 다르다,It
잇써보니어제 먹은 음식 사진클릭 몇 번이면 로 판다,It
테라루나 사태 코인 시장에 큰 충격 국정과제 기본법 마련해야,It
티맥스한컴이스트 디지털 전환 선택과 집중신사업 닻 올린다 돋보기,It
대리운전도 중기적합업종 지정카카오만 웃을라,It
줌 미 증시 폭락에도 홀로 잘 나가는 이유는,It
자진사퇴 정호영 후폭풍사퇴가 면죄부 돼선 안돼,It
주말마다 남는 방 없다 핫플된 영흥도 글램핑 비결은 배성수의 다다선,It
반도체 전문가 이종호 장관 첫 현장 행보  반도체 기업글로벌 시장 선도,It
헤이 구글 외치면 갤워치가 알아서 척척빅스비와 동거 시작,It
정부 한전 역대급 적자에 전력시장 긴급정산상한가격 추진,It
위메이드 일 신작 미르 온라인 쇼케이스,It
여행비 만원유급휴가 일스마일게이트 권혁빈 통큰 주년 선물,It
해외로 전기차 공장 다 빠져나가나 우려속 현대차그룹 년까지 국내 조원 투자 약속,It
이종호 과기정통부 장관 첫 현장 행보  반도체 전폭 지원,It
삼성 이재용 시스템반도체바이오 양 날개로 미래 승부수,It
신상진 성남시장 후보 메타버스 성남 프로젝트 진행,It
돌봄코드챗봇디지털 기술은 코로나 방역 이렇게 도왔다,It
 살림 챙길 과기정통부 차관 여전히 오리무중,It
테라 재탄생 투표에 찬성  반대표  불과권도형 부활시도 통하나,It
장현국 대표 루나테라 사태에 위메이드  위믹스는 다르다,It
잇써보니어제 먹은 음식 사진클릭 몇 번이면 로 판다,It
테라루나 사태 코인 시장에 큰 충격 국정과제 기본법 마련해야,It
티맥스한컴이스트 디지털 전환 선택과 집중신사업 닻 올린다 돋보기,It
대리운전도 중기적합업종 지정카카오만 웃을라,It
줌 미 증시 폭락에도 홀로 잘 나가는 이유는,It
자진사퇴 정호영 후폭풍사퇴가 면죄부 돼선 안돼,It
주말마다 남는 방 없다 핫플된 영흥도 글램핑 비결은 배성수의 다다선,It
반도체 전문가 이종호 장관 첫 현장 행보  반도체 기업글로벌 시장 선도,It
헤이 구글 외치면 갤워치가 알아서 척척빅스비와 동거 시작,It
정부 한전 역대급 적자에 전력시장 긴급정산상한가격 추진,It
위메이드 일 신작 미르 온라인 쇼케이스,It
여행비 만원유급휴가 일스마일게이트 권혁빈 통큰 주년 선물,It
해외로 전기차 공장 다 빠져나가나 우려속 현대차그룹 년까지 국내 조원 투자 약속,It
이종호 과기정통부 장관 첫 현장 행보  반도체 전폭 지원,It
삼성 이재용 시스템반도체바이오 양 날개로 미래 승부수,It
신상진 성남시장 후보 메타버스 성남 프로젝트 진행,It
돌봄코드챗봇디지털 기술은 코로나 방역 이렇게 도왔다,It
 살림 챙길 과기정통부 차관 여전히 오리무중,It
테라 재탄생 투표에 찬성  반대표  불과권도형 부활시도 통하나,It
장현국 대표 루나테라 사태에 위메이드  위믹스는 다르다,It
잇써보니어제 먹은 음식 사진클릭 몇 번이면 로 판다,It
테라루나 사태 코인 시장에 큰 충격 국정과제 기본법 마련해야,It
티맥스한컴이스트 디지털 전환 선택과 집중신사업 닻 올린다 돋보기,It
대리운전도 중기적합업종 지정카카오만 웃을라,It
줌 미 증시 폭락에도 홀로 잘 나가는 이유는,It
자진사퇴 정호영 후폭풍사퇴가 면죄부 돼선 안돼,It
주말마다 남는 방 없다 핫플된 영흥도 글램핑 비결은 배성수의 다다선,It
반도체 전문가 이종호 장관 첫 현장 행보  반도체 기업글로벌 시장 선도,It
헤이 구글 외치면 갤워치가 알아서 척척빅스비와 동거 시작,It
정부 한전 역대급 적자에 전력시장 긴급정산상한가격 추진,It
위메이드 일 신작 미르 온라인 쇼케이스,It
여행비 만원유급휴가 일스마일게이트 권혁빈 통큰 주년 선물,It
해외로 전기차 공장 다 빠져나가나 우려속 현대차그룹 년까지 국내 조원 투자 약속,It
이종호 과기정통부 장관 첫 현장 행보  반도체 전폭 지원,It
삼성 이재용 시스템반도체바이오 양 날개로 미래 승부수,It
신상진 성남시장 후보 메타버스 성남 프로젝트 진행,It
돌봄코드챗봇디지털 기술은 코로나 방역 이렇게 도왔다,It
 살림 챙길 과기정통부 차관 여전히 오리무중,It
테라 재탄생 투표에 찬성  반대표  불과권도형 부활시도 통하나,It
장현국 대표 루나테라 사태에 위메이드  위믹스는 다르다,It
잇써보니어제 먹은 음식 사진클릭 몇 번이면 로 판다,It
테라루나 사태 코인 시장에 큰 충격 국정과제 기본법 마련해야,It
티맥스한컴이스트 디지털 전환 선택과 집중신사업 닻 올린다 돋보기,It
대리운전도 중기적합업종 지정카카오만 웃을라,It
줌 미 증시 폭락에도 홀로 잘 나가는 이유는,It
자진사퇴 정호영 후폭풍사퇴가 면죄부 돼선 안돼,It
주말마다 남는 방 없다 핫플된 영흥도 글램핑 비결은 배성수의 다다선,It
반도체 전문가 이종호 장관 첫 현장 행보  반도체 기업글로벌 시장 선도,It
헤이 구글 외치면 갤워치가 알아서 척척빅스비와 동거 시작,It
정부 한전 역대급 적자에 전력시장 긴급정산상한가격 추진,It
위메이드 일 신작 미르 온라인 쇼케이스,It
여행비 만원유급휴가 일스마일게이트 권혁빈 통큰 주년 선물,It
해외로 전기차 공장 다 빠져나가나 우려속 현대차그룹 년까지 국내 조원 투자 약속,It
이종호 과기정통부 장관 첫 현장 행보  반도체 전폭 지원,It
삼성 이재용 시스템반도체바이오 양 날개로 미래 승부수,It
신상진 성남시장 후보 메타버스 성남 프로젝트 진행,It
돌봄코드챗봇디지털 기술은 코로나 방역 이렇게 도왔다,It
 살림 챙길 과기정통부 차관 여전히 오리무중,It
테라 재탄생 투표에 찬성  반대표  불과권도형 부활시도 통하나,It
장현국 대표 루나테라 사태에 위메이드  위믹스는 다르다,It
잇써보니어제 먹은 음식 사진클릭 몇 번이면 로 판다,It
테라루나 사태 코인 시장에 큰 충격 국정과제 기본법 마련해야,It
티맥스한컴이스트 디지털 전환 선택과 집중신사업 닻 올린다 돋보기,It
대리운전도 중기적합업종 지정카카오만 웃을라,It
줌 미 증시 폭락에도 홀로 잘 나가는 이유는,It
자진사퇴 정호영 후폭풍사퇴가 면죄부 돼선 안돼,It
주말마다 남는 방 없다 핫플된 영흥도 글램핑 비결은 배성수의 다다선,It
반도체 전문가 이종호 장관 첫 현장 행보  반도체 기업글로벌 시장 선도,It
헤이 구글 외치면 갤워치가 알아서 척척빅스비와 동거 시작,It
정부 한전 역대급 적자에 전력시장 긴급정산상한가격 추진,It
위메이드 일 신작 미르 온라인 쇼케이스,It
여행비 만원유급휴가 일스마일게이트 권혁빈 통큰 주년 선물,It
해외로 전기차 공장 다 빠져나가나 우려속 현대차그룹 년까지 국내 조원 투자 약속,It
이종호 과기정통부 장관 첫 현장 행보  반도체 전폭 지원,It
삼성 이재용 시스템반도체바이오 양 날개로 미래 승부수,It
신상진 성남시장 후보 메타버스 성남 프로젝트 진행,It
돌봄코드챗봇디지털 기술은 코로나 방역 이렇게 도왔다,It
 살림 챙길 과기정통부 차관 여전히 오리무중,It
테라 재탄생 투표에 찬성  반대표  불과권도형 부활시도 통하나,It
장현국 대표 루나테라 사태에 위메이드  위믹스는 다르다,It
잇써보니어제 먹은 음식 사진클릭 몇 번이면 로 판다,It
테라루나 사태 코인 시장에 큰 충격 국정과제 기본법 마련해야,It
티맥스한컴이스트 디지털 전환 선택과 집중신사업 닻 올린다 돋보기,It
대리운전도 중기적합업종 지정카카오만 웃을라,It
줌 미 증시 폭락에도 홀로 잘 나가는 이유는,It
자진사퇴 정호영 후폭풍사퇴가 면죄부 돼선 안돼,It
주말마다 남는 방 없다 핫플된 영흥도 글램핑 비결은 배성수의 다다선,It
반도체 전문가 이종호 장관 첫 현장 행보  반도체 기업글로벌 시장 선도,It
헤이 구글 외치면 갤워치가 알아서 척척빅스비와 동거 시작,It
정부 한전 역대급 적자에 전력시장 긴급정산상한가격 추진,It
위메이드 일 신작 미르 온라인 쇼케이스,It
여행비 만원유급휴가 일스마일게이트 권혁빈 통큰 주년 선물,It
해외로 전기차 공장 다 빠져나가나 우려속 현대차그룹 년까지 국내 조원 투자 약속,It
이종호 과기정통부 장관 첫 현장 행보  반도체 전폭 지원,It
삼성 이재용 시스템반도체바이오 양 날개로 미래 승부수,It
신상진 성남시장 후보 메타버스 성남 프로젝트 진행,It
돌봄코드챗봇디지털 기술은 코로나 방역 이렇게 도왔다,It
 살림 챙길 과기정통부 차관 여전히 오리무중,It
테라 재탄생 투표에 찬성  반대표  불과권도형 부활시도 통하나,It
장현국 대표 루나테라 사태에 위메이드  위믹스는 다르다,It
잇써보니어제 먹은 음식 사진클릭 몇 번이면 로 판다,It
테라루나 사태 코인 시장에 큰 충격 국정과제 기본법 마련해야,It
티맥스한컴이스트 디지털 전환 선택과 집중신사업 닻 올린다 돋보기,It
대리운전도 중기적합업종 지정카카오만 웃을라,It
줌 미 증시 폭락에도 홀로 잘 나가는 이유는,It
자진사퇴 정호영 후폭풍사퇴가 면죄부 돼선 안돼,It
주말마다 남는 방 없다 핫플된 영흥도 글램핑 비결은 배성수의 다다선,It
반도체 전문가 이종호 장관 첫 현장 행보  반도체 기업글로벌 시장 선도,It
헤이 구글 외치면 갤워치가 알아서 척척빅스비와 동거 시작,It
정부 한전 역대급 적자에 전력시장 긴급정산상한가격 추진,It
위메이드 일 신작 미르 온라인 쇼케이스,It
여행비 만원유급휴가 일스마일게이트 권혁빈 통큰 주년 선물,It
해외로 전기차 공장 다 빠져나가나 우려속 현대차그룹 년까지 국내 조원 투자 약속,It
이종호 과기정통부 장관 첫 현장 행보  반도체 전폭 지원,It
삼성 이재용 시스템반도체바이오 양 날개로 미래 승부수,It
신상진 성남시장 후보 메타버스 성남 프로젝트 진행,It
돌봄코드챗봇디지털 기술은 코로나 방역 이렇게 도왔다,It
 살림 챙길 과기정통부 차관 여전히 오리무중,It
테라 재탄생 투표에 찬성  반대표  불과권도형 부활시도 통하나,It
장현국 대표 루나테라 사태에 위메이드  위믹스는 다르다,It
잇써보니어제 먹은 음식 사진클릭 몇 번이면 로 판다,It
테라루나 사태 코인 시장에 큰 충격 국정과제 기본법 마련해야,It
티맥스한컴이스트 디지털 전환 선택과 집중신사업 닻 올린다 돋보기,It
대리운전도 중기적합업종 지정카카오만 웃을라,It
줌 미 증시 폭락에도 홀로 잘 나가는 이유는,It
자진사퇴 정호영 후폭풍사퇴가 면죄부 돼선 안돼,It
주말마다 남는 방 없다 핫플된 영흥도 글램핑 비결은 배성수의 다다선,It
반도체 전문가 이종호 장관 첫 현장 행보  반도체 기업글로벌 시장 선도,It
헤이 구글 외치면 갤워치가 알아서 척척빅스비와 동거 시작,It
정부 한전 역대급 적자에 전력시장 긴급정산상한가격 추진,It
위메이드 일 신작 미르 온라인 쇼케이스,It
여행비 만원유급휴가 일스마일게이트 권혁빈 통큰 주년 선물,It
해외로 전기차 공장 다 빠져나가나 우려속 현대차그룹 년까지 국내 조원 투자 약속,It
이종호 과기정통부 장관 첫 현장 행보  반도체 전폭 지원,It
삼성 이재용 시스템반도체바이오 양 날개로 미래 승부수,It
신상진 성남시장 후보 메타버스 성남 프로젝트 진행,It
돌봄코드챗봇디지털 기술은 코로나 방역 이렇게 도왔다,It
 살림 챙길 과기정통부 차관 여전히 오리무중,It
테라 재탄생 투표에 찬성  반대표  불과권도형 부활시도 통하나,It
장현국 대표 루나테라 사태에 위메이드  위믹스는 다르다,It
잇써보니어제 먹은 음식 사진클릭 몇 번이면 로 판다,It
테라루나 사태 코인 시장에 큰 충격 국정과제 기본법 마련해야,It
티맥스한컴이스트 디지털 전환 선택과 집중신사업 닻 올린다 돋보기,It
대리운전도 중기적합업종 지정카카오만 웃을라,It
줌 미 증시 폭락에도 홀로 잘 나가는 이유는,It
자진사퇴 정호영 후폭풍사퇴가 면죄부 돼선 안돼,It
주말마다 남는 방 없다 핫플된 영흥도 글램핑 비결은 배성수의 다다선,It
반도체 전문가 이종호 장관 첫 현장 행보  반도체 기업글로벌 시장 선도,It
헤이 구글 외치면 갤워치가 알아서 척척빅스비와 동거 시작,It
정부 한전 역대급 적자에 전력시장 긴급정산상한가격 추진,It
위메이드 일 신작 미르 온라인 쇼케이스,It
여행비 만원유급휴가 일스마일게이트 권혁빈 통큰 주년 선물,It
해외로 전기차 공장 다 빠져나가나 우려속 현대차그룹 년까지 국내 조원 투자 약속,It
이종호 과기정통부 장관 첫 현장 행보  반도체 전폭 지원,It
삼성 이재용 시스템반도체바이오 양 날개로 미래 승부수,It
신상진 성남시장 후보 메타버스 성남 프로젝트 진행,It
돌봄코드챗봇디지털 기술은 코로나 방역 이렇게 도왔다,It
 살림 챙길 과기정통부 차관 여전히 오리무중,It
테라 재탄생 투표에 찬성  반대표  불과권도형 부활시도 통하나,It
장현국 대표 루나테라 사태에 위메이드  위믹스는 다르다,It
잇써보니어제 먹은 음식 사진클릭 몇 번이면 로 판다,It
테라루나 사태 코인 시장에 큰 충격 국정과제 기본법 마련해야,It
티맥스한컴이스트 디지털 전환 선택과 집중신사업 닻 올린다 돋보기,It
대리운전도 중기적합업종 지정카카오만 웃을라,It
줌 미 증시 폭락에도 홀로 잘 나가는 이유는,It
자진사퇴 정호영 후폭풍사퇴가 면죄부 돼선 안돼,It
주말마다 남는 방 없다 핫플된 영흥도 글램핑 비결은 배성수의 다다선,It
반도체 전문가 이종호 장관 첫 현장 행보  반도체 기업글로벌 시장 선도,It
헤이 구글 외치면 갤워치가 알아서 척척빅스비와 동거 시작,It
정부 한전 역대급 적자에 전력시장 긴급정산상한가격 추진,It
위메이드 일 신작 미르 온라인 쇼케이스,It
여행비 만원유급휴가 일스마일게이트 권혁빈 통큰 주년 선물,It
해외로 전기차 공장 다 빠져나가나 우려속 현대차그룹 년까지 국내 조원 투자 약속,It
이종호 과기정통부 장관 첫 현장 행보  반도체 전폭 지원,It
삼성 이재용 시스템반도체바이오 양 날개로 미래 승부수,It
신상진 성남시장 후보 메타버스 성남 프로젝트 진행,It
돌봄코드챗봇디지털 기술은 코로나 방역 이렇게 도왔다,It
 살림 챙길 과기정통부 차관 여전히 오리무중,It
테라 재탄생 투표에 찬성  반대표  불과권도형 부활시도 통하나,It
장현국 대표 루나테라 사태에 위메이드  위믹스는 다르다,It
잇써보니어제 먹은 음식 사진클릭 몇 번이면 로 판다,It
테라루나 사태 코인 시장에 큰 충격 국정과제 기본법 마련해야,It
티맥스한컴이스트 디지털 전환 선택과 집중신사업 닻 올린다 돋보기,It
대리운전도 중기적합업종 지정카카오만 웃을라,It
줌 미 증시 폭락에도 홀로 잘 나가는 이유는,It
자진사퇴 정호영 후폭풍사퇴가 면죄부 돼선 안돼,It
주말마다 남는 방 없다 핫플된 영흥도 글램핑 비결은 배성수의 다다선,It
반도체 전문가 이종호 장관 첫 현장 행보  반도체 기업글로벌 시장 선도,It
헤이 구글 외치면 갤워치가 알아서 척척빅스비와 동거 시작,It
정부 한전 역대급 적자에 전력시장 긴급정산상한가격 추진,It
위메이드 일 신작 미르 온라인 쇼케이스,It
여행비 만원유급휴가 일스마일게이트 권혁빈 통큰 주년 선물,It
해외로 전기차 공장 다 빠져나가나 우려속 현대차그룹 년까지 국내 조원 투자 약속,It
이종호 과기정통부 장관 첫 현장 행보  반도체 전폭 지원,It
삼성 이재용 시스템반도체바이오 양 날개로 미래 승부수,It
신상진 성남시장 후보 메타버스 성남 프로젝트 진행,It
돌봄코드챗봇디지털 기술은 코로나 방역 이렇게 도왔다,It
 살림 챙길 과기정통부 차관 여전히 오리무중,It
테라 재탄생 투표에 찬성  반대표  불과권도형 부활시도 통하나,It
장현국 대표 루나테라 사태에 위메이드  위믹스는 다르다,It
잇써보니어제 먹은 음식 사진클릭 몇 번이면 로 판다,It
테라루나 사태 코인 시장에 큰 충격 국정과제 기본법 마련해야,It
티맥스한컴이스트 디지털 전환 선택과 집중신사업 닻 올린다 돋보기,It
대리운전도 중기적합업종 지정카카오만 웃을라,It
줌 미 증시 폭락에도 홀로 잘 나가는 이유는,It
자진사퇴 정호영 후폭풍사퇴가 면죄부 돼선 안돼,It
주말마다 남는 방 없다 핫플된 영흥도 글램핑 비결은 배성수의 다다선,It
반도체 전문가 이종호 장관 첫 현장 행보  반도체 기업글로벌 시장 선도,It
헤이 구글 외치면 갤워치가 알아서 척척빅스비와 동거 시작,It
정부 한전 역대급 적자에 전력시장 긴급정산상한가격 추진,It
위메이드 일 신작 미르 온라인 쇼케이스,It
여행비 만원유급휴가 일스마일게이트 권혁빈 통큰 주년 선물,It
해외로 전기차 공장 다 빠져나가나 우려속 현대차그룹 년까지 국내 조원 투자 약속,It
이종호 과기정통부 장관 첫 현장 행보  반도체 전폭 지원,It
삼성 이재용 시스템반도체바이오 양 날개로 미래 승부수,It
신상진 성남시장 후보 메타버스 성남 프로젝트 진행,It
돌봄코드챗봇디지털 기술은 코로나 방역 이렇게 도왔다,It
 살림 챙길 과기정통부 차관 여전히 오리무중,It
테라 재탄생 투표에 찬성  반대표  불과권도형 부활시도 통하나,It
장현국 대표 루나테라 사태에 위메이드  위믹스는 다르다,It
잇써보니어제 먹은 음식 사진클릭 몇 번이면 로 판다,It
테라루나 사태 코인 시장에 큰 충격 국정과제 기본법 마련해야,It
티맥스한컴이스트 디지털 전환 선택과 집중신사업 닻 올린다 돋보기,It
대리운전도 중기적합업종 지정카카오만 웃을라,It
줌 미 증시 폭락에도 홀로 잘 나가는 이유는,It
자진사퇴 정호영 후폭풍사퇴가 면죄부 돼선 안돼,It
주말마다 남는 방 없다 핫플된 영흥도 글램핑 비결은 배성수의 다다선,It
반도체 전문가 이종호 장관 첫 현장 행보  반도체 기업글로벌 시장 선도,It
헤이 구글 외치면 갤워치가 알아서 척척빅스비와 동거 시작,It
정부 한전 역대급 적자에 전력시장 긴급정산상한가격 추진,It
위메이드 일 신작 미르 온라인 쇼케이스,It
여행비 만원유급휴가 일스마일게이트 권혁빈 통큰 주년 선물,It
해외로 전기차 공장 다 빠져나가나 우려속 현대차그룹 년까지 국내 조원 투자 약속,It
이종호 과기정통부 장관 첫 현장 행보  반도체 전폭 지원,It
삼성 이재용 시스템반도체바이오 양 날개로 미래 승부수,It
신상진 성남시장 후보 메타버스 성남 프로젝트 진행,It
돌봄코드챗봇디지털 기술은 코로나 방역 이렇게 도왔다,It
 살림 챙길 과기정통부 차관 여전히 오리무중,It
테라 재탄생 투표에 찬성  반대표  불과권도형 부활시도 통하나,It
장현국 대표 루나테라 사태에 위메이드  위믹스는 다르다,It
잇써보니어제 먹은 음식 사진클릭 몇 번이면 로 판다,It
테라루나 사태 코인 시장에 큰 충격 국정과제 기본법 마련해야,It
티맥스한컴이스트 디지털 전환 선택과 집중신사업 닻 올린다 돋보기,It
대리운전도 중기적합업종 지정카카오만 웃을라,It
줌 미 증시 폭락에도 홀로 잘 나가는 이유는,It
자진사퇴 정호영 후폭풍사퇴가 면죄부 돼선 안돼,It
주말마다 남는 방 없다 핫플된 영흥도 글램핑 비결은 배성수의 다다선,It
반도체 전문가 이종호 장관 첫 현장 행보  반도체 기업글로벌 시장 선도,It
헤이 구글 외치면 갤워치가 알아서 척척빅스비와 동거 시작,It
정부 한전 역대급 적자에 전력시장 긴급정산상한가격 추진,It
위메이드 일 신작 미르 온라인 쇼케이스,It
여행비 만원유급휴가 일스마일게이트 권혁빈 통큰 주년 선물,It
해외로 전기차 공장 다 빠져나가나 우려속 현대차그룹 년까지 국내 조원 투자 약속,It
이종호 과기정통부 장관 첫 현장 행보  반도체 전폭 지원,It
삼성 이재용 시스템반도체바이오 양 날개로 미래 승부수,It
신상진 성남시장 후보 메타버스 성남 프로젝트 진행,It
돌봄코드챗봇디지털 기술은 코로나 방역 이렇게 도왔다,It
 살림 챙길 과기정통부 차관 여전히 오리무중,It
테라 재탄생 투표에 찬성  반대표  불과권도형 부활시도 통하나,It
장현국 대표 루나테라 사태에 위메이드  위믹스는 다르다,It
잇써보니어제 먹은 음식 사진클릭 몇 번이면 로 판다,It
테라루나 사태 코인 시장에 큰 충격 국정과제 기본법 마련해야,It
티맥스한컴이스트 디지털 전환 선택과 집중신사업 닻 올린다 돋보기,It
대리운전도 중기적합업종 지정카카오만 웃을라,It
줌 미 증시 폭락에도 홀로 잘 나가는 이유는,It
자진사퇴 정호영 후폭풍사퇴가 면죄부 돼선 안돼,It
주말마다 남는 방 없다 핫플된 영흥도 글램핑 비결은 배성수의 다다선,It
반도체 전문가 이종호 장관 첫 현장 행보  반도체 기업글로벌 시장 선도,It
헤이 구글 외치면 갤워치가 알아서 척척빅스비와 동거 시작,It
정부 한전 역대급 적자에 전력시장 긴급정산상한가격 추진,It
위메이드 일 신작 미르 온라인 쇼케이스,It
여행비 만원유급휴가 일스마일게이트 권혁빈 통큰 주년 선물,It
해외로 전기차 공장 다 빠져나가나 우려속 현대차그룹 년까지 국내 조원 투자 약속,It
이종호 과기정통부 장관 첫 현장 행보  반도체 전폭 지원,It
삼성 이재용 시스템반도체바이오 양 날개로 미래 승부수,It
신상진 성남시장 후보 메타버스 성남 프로젝트 진행,It
돌봄코드챗봇디지털 기술은 코로나 방역 이렇게 도왔다,It
 살림 챙길 과기정통부 차관 여전히 오리무중,It
테라 재탄생 투표에 찬성  반대표  불과권도형 부활시도 통하나,It
장현국 대표 루나테라 사태에 위메이드  위믹스는 다르다,It
잇써보니어제 먹은 음식 사진클릭 몇 번이면 로 판다,It
테라루나 사태 코인 시장에 큰 충격 국정과제 기본법 마련해야,It
티맥스한컴이스트 디지털 전환 선택과 집중신사업 닻 올린다 돋보기,It
대리운전도 중기적합업종 지정카카오만 웃을라,It
줌 미 증시 폭락에도 홀로 잘 나가는 이유는,It
자진사퇴 정호영 후폭풍사퇴가 면죄부 돼선 안돼,It
주말마다 남는 방 없다 핫플된 영흥도 글램핑 비결은 배성수의 다다선,It
반도체 전문가 이종호 장관 첫 현장 행보  반도체 기업글로벌 시장 선도,It
헤이 구글 외치면 갤워치가 알아서 척척빅스비와 동거 시작,It
정부 한전 역대급 적자에 전력시장 긴급정산상한가격 추진,It
위메이드 일 신작 미르 온라인 쇼케이스,It
여행비 만원유급휴가 일스마일게이트 권혁빈 통큰 주년 선물,It
해외로 전기차 공장 다 빠져나가나 우려속 현대차그룹 년까지 국내 조원 투자 약속,It
이종호 과기정통부 장관 첫 현장 행보  반도체 전폭 지원,It
삼성 이재용 시스템반도체바이오 양 날개로 미래 승부수,It
신상진 성남시장 후보 메타버스 성남 프로젝트 진행,It
돌봄코드챗봇디지털 기술은 코로나 방역 이렇게 도왔다,It
 살림 챙길 과기정통부 차관 여전히 오리무중,It
테라 재탄생 투표에 찬성  반대표  불과권도형 부활시도 통하나,It
장현국 대표 루나테라 사태에 위메이드  위믹스는 다르다,It
잇써보니어제 먹은 음식 사진클릭 몇 번이면 로 판다,It
테라루나 사태 코인 시장에 큰 충격 국정과제 기본법 마련해야,It
티맥스한컴이스트 디지털 전환 선택과 집중신사업 닻 올린다 돋보기,It
대리운전도 중기적합업종 지정카카오만 웃을라,It
줌 미 증시 폭락에도 홀로 잘 나가는 이유는,It
자진사퇴 정호영 후폭풍사퇴가 면죄부 돼선 안돼,It
주말마다 남는 방 없다 핫플된 영흥도 글램핑 비결은 배성수의 다다선,It
반도체 전문가 이종호 장관 첫 현장 행보  반도체 기업글로벌 시장 선도,It
헤이 구글 외치면 갤워치가 알아서 척척빅스비와 동거 시작,It
정부 한전 역대급 적자에 전력시장 긴급정산상한가격 추진,It
위메이드 일 신작 미르 온라인 쇼케이스,It
여행비 만원유급휴가 일스마일게이트 권혁빈 통큰 주년 선물,It
해외로 전기차 공장 다 빠져나가나 우려속 현대차그룹 년까지 국내 조원 투자 약속,It
이종호 과기정통부 장관 첫 현장 행보  반도체 전폭 지원,It
삼성 이재용 시스템반도체바이오 양 날개로 미래 승부수,It
신상진 성남시장 후보 메타버스 성남 프로젝트 진행,It
돌봄코드챗봇디지털 기술은 코로나 방역 이렇게 도왔다,It
 살림 챙길 과기정통부 차관 여전히 오리무중,It
테라 재탄생 투표에 찬성  반대표  불과권도형 부활시도 통하나,It
장현국 대표 루나테라 사태에 위메이드  위믹스는 다르다,It
잇써보니어제 먹은 음식 사진클릭 몇 번이면 로 판다,It
테라루나 사태 코인 시장에 큰 충격 국정과제 기본법 마련해야,It
티맥스한컴이스트 디지털 전환 선택과 집중신사업 닻 올린다 돋보기,It
대리운전도 중기적합업종 지정카카오만 웃을라,It
줌 미 증시 폭락에도 홀로 잘 나가는 이유는,It
자진사퇴 정호영 후폭풍사퇴가 면죄부 돼선 안돼,It
주말마다 남는 방 없다 핫플된 영흥도 글램핑 비결은 배성수의 다다선,It
반도체 전문가 이종호 장관 첫 현장 행보  반도체 기업글로벌 시장 선도,It
헤이 구글 외치면 갤워치가 알아서 척척빅스비와 동거 시작,It
정부 한전 역대급 적자에 전력시장 긴급정산상한가격 추진,It
위메이드 일 신작 미르 온라인 쇼케이스,It
여행비 만원유급휴가 일스마일게이트 권혁빈 통큰 주년 선물,It
해외로 전기차 공장 다 빠져나가나 우려속 현대차그룹 년까지 국내 조원 투자 약속,It
이종호 과기정통부 장관 첫 현장 행보  반도체 전폭 지원,It
삼성 이재용 시스템반도체바이오 양 날개로 미래 승부수,It
신상진 성남시장 후보 메타버스 성남 프로젝트 진행,It
돌봄코드챗봇디지털 기술은 코로나 방역 이렇게 도왔다,It
 살림 챙길 과기정통부 차관 여전히 오리무중,It
테라 재탄생 투표에 찬성  반대표  불과권도형 부활시도 통하나,It
장현국 대표 루나테라 사태에 위메이드  위믹스는 다르다,It
잇써보니어제 먹은 음식 사진클릭 몇 번이면 로 판다,It
테라루나 사태 코인 시장에 큰 충격 국정과제 기본법 마련해야,It
티맥스한컴이스트 디지털 전환 선택과 집중신사업 닻 올린다 돋보기,It
대리운전도 중기적합업종 지정카카오만 웃을라,It
줌 미 증시 폭락에도 홀로 잘 나가는 이유는,It
자진사퇴 정호영 후폭풍사퇴가 면죄부 돼선 안돼,It
주말마다 남는 방 없다 핫플된 영흥도 글램핑 비결은 배성수의 다다선,It
반도체 전문가 이종호 장관 첫 현장 행보  반도체 기업글로벌 시장 선도,It
헤이 구글 외치면 갤워치가 알아서 척척빅스비와 동거 시작,It
정부 한전 역대급 적자에 전력시장 긴급정산상한가격 추진,It
위메이드 일 신작 미르 온라인 쇼케이스,It
여행비 만원유급휴가 일스마일게이트 권혁빈 통큰 주년 선물,It
해외로 전기차 공장 다 빠져나가나 우려속 현대차그룹 년까지 국내 조원 투자 약속,It
이종호 과기정통부 장관 첫 현장 행보  반도체 전폭 지원,It
삼성 이재용 시스템반도체바이오 양 날개로 미래 승부수,It
신상진 성남시장 후보 메타버스 성남 프로젝트 진행,It
돌봄코드챗봇디지털 기술은 코로나 방역 이렇게 도왔다,It
 살림 챙길 과기정통부 차관 여전히 오리무중,It
테라 재탄생 투표에 찬성  반대표  불과권도형 부활시도 통하나,It
장현국 대표 루나테라 사태에 위메이드  위믹스는 다르다,It
잇써보니어제 먹은 음식 사진클릭 몇 번이면 로 판다,It
테라루나 사태 코인 시장에 큰 충격 국정과제 기본법 마련해야,It
티맥스한컴이스트 디지털 전환 선택과 집중신사업 닻 올린다 돋보기,It
대리운전도 중기적합업종 지정카카오만 웃을라,It
줌 미 증시 폭락에도 홀로 잘 나가는 이유는,It
자진사퇴 정호영 후폭풍사퇴가 면죄부 돼선 안돼,It
주말마다 남는 방 없다 핫플된 영흥도 글램핑 비결은 배성수의 다다선,It
반도체 전문가 이종호 장관 첫 현장 행보  반도체 기업글로벌 시장 선도,It
헤이 구글 외치면 갤워치가 알아서 척척빅스비와 동거 시작,It
정부 한전 역대급 적자에 전력시장 긴급정산상한가격 추진,It
위메이드 일 신작 미르 온라인 쇼케이스,It
여행비 만원유급휴가 일스마일게이트 권혁빈 통큰 주년 선물,It
해외로 전기차 공장 다 빠져나가나 우려속 현대차그룹 년까지 국내 조원 투자 약속,It
이종호 과기정통부 장관 첫 현장 행보  반도체 전폭 지원,It
삼성 이재용 시스템반도체바이오 양 날개로 미래 승부수,It
신상진 성남시장 후보 메타버스 성남 프로젝트 진행,It
돌봄코드챗봇디지털 기술은 코로나 방역 이렇게 도왔다,It
 살림 챙길 과기정통부 차관 여전히 오리무중,It
테라 재탄생 투표에 찬성  반대표  불과권도형 부활시도 통하나,It
장현국 대표 루나테라 사태에 위메이드  위믹스는 다르다,It
잇써보니어제 먹은 음식 사진클릭 몇 번이면 로 판다,It
테라루나 사태 코인 시장에 큰 충격 국정과제 기본법 마련해야,It
티맥스한컴이스트 디지털 전환 선택과 집중신사업 닻 올린다 돋보기,It
대리운전도 중기적합업종 지정카카오만 웃을라,It
줌 미 증시 폭락에도 홀로 잘 나가는 이유는,It
자진사퇴 정호영 후폭풍사퇴가 면죄부 돼선 안돼,It
주말마다 남는 방 없다 핫플된 영흥도 글램핑 비결은 배성수의 다다선,It
반도체 전문가 이종호 장관 첫 현장 행보  반도체 기업글로벌 시장 선도,It
헤이 구글 외치면 갤워치가 알아서 척척빅스비와 동거 시작,It
정부 한전 역대급 적자에 전력시장 긴급정산상한가격 추진,It
위메이드 일 신작 미르 온라인 쇼케이스,It
여행비 만원유급휴가 일스마일게이트 권혁빈 통큰 주년 선물,It
해외로 전기차 공장 다 빠져나가나 우려속 현대차그룹 년까지 국내 조원 투자 약속,It
이종호 과기정통부 장관 첫 현장 행보  반도체 전폭 지원,It
삼성 이재용 시스템반도체바이오 양 날개로 미래 승부수,It
신상진 성남시장 후보 메타버스 성남 프로젝트 진행,It
돌봄코드챗봇디지털 기술은 코로나 방역 이렇게 도왔다,It
